regione_xlsx,comune_xlsx,regione_istat,comune_istat,PRO_COM,PRO_COM_T,COD_PROV_STORICO,SIGLA_AUTOMOBILISTICA,note
ABRUZZO,AIELLI,ABRUZZO,Aielli,66002,066002,066,AQ,exact_match
ABRUZZO,ARIELLI,ABRUZZO,Arielli,69004,069004,069,CH,exact_match
ABRUZZO,ATRI,ABRUZZO,Atri,67004,067004,067,TE,exact_match
ABRUZZO,AVEZZANO,ABRUZZO,Avezzano,66006,066006,066,AQ,exact_match
ABRUZZO,CANISTRO,ABRUZZO,Canistro,66017,066017,066,AQ,exact_match
ABRUZZO,CARSOLI,ABRUZZO,Carsoli,66025,066025,066,AQ,exact_match
ABRUZZO,CASALINCONTRADA,ABRUZZO,Casalincontrada,69016,069016,069,CH,exact_match
ABRUZZO,CELLINO ATTANASIO,ABRUZZO,Cellino Attanasio,67015,067015,067,TE,exact_match
ABRUZZO,CHIETI,ABRUZZO,Chieti,69022,069022,069,CH,exact_match
ABRUZZO,CITTA' SANT'ANGELO,ABRUZZO,Città Sant'Angelo,68012,068012,068,PE,manual_apostrofo
ABRUZZO,COLONNELLA,ABRUZZO,Colonnella,67019,067019,067,TE,exact_match
ABRUZZO,FOSSACESIA,ABRUZZO,Fossacesia,69033,069033,069,CH,exact_match
ABRUZZO,FRANCAVILLA AL MARE,ABRUZZO,Francavilla al Mare,69035,069035,069,CH,exact_match
ABRUZZO,GIULIANOVA,ABRUZZO,Giulianova,67025,067025,067,TE,exact_match
ABRUZZO,GUARDIAGRELE,ABRUZZO,Guardiagrele,69043,069043,069,CH,exact_match
ABRUZZO,L'AQUILA,ABRUZZO,L'Aquila,66049,066049,066,AQ,exact_match
ABRUZZO,LANCIANO,ABRUZZO,Lanciano,69046,069046,069,CH,exact_match
ABRUZZO,MANOPPELLO,ABRUZZO,Manoppello,68022,068022,068,PE,exact_match
ABRUZZO,MARTINSICURO,ABRUZZO,Martinsicuro,67047,067047,067,TE,exact_match
ABRUZZO,MIGLIANICO,ABRUZZO,Miglianico,69050,069050,069,CH,exact_match
ABRUZZO,MONTEODORISIO,ABRUZZO,Monteodorisio,69055,069055,069,CH,exact_match
ABRUZZO,MONTESILVANO,ABRUZZO,Montesilvano,68024,068024,068,PE,exact_match
ABRUZZO,MONTORIO AL VOMANO,ABRUZZO,Montorio al Vomano,67028,067028,067,TE,exact_match
ABRUZZO,NAVELLI,ABRUZZO,Navelli,66058,066058,066,AQ,exact_match
ABRUZZO,NERETO,ABRUZZO,Nereto,67031,067031,067,TE,exact_match
ABRUZZO,ORICOLA,ABRUZZO,Oricola,66062,066062,066,AQ,exact_match
ABRUZZO,ORTONA,ABRUZZO,Ortona,69058,069058,069,CH,exact_match
ABRUZZO,PENNE,ABRUZZO,Penne,68027,068027,068,PE,exact_match
ABRUZZO,PESCARA,ABRUZZO,Pescara,68028,068028,068,PE,exact_match
ABRUZZO,PESCASSEROLI,ABRUZZO,Pescasseroli,66068,066068,066,AQ,exact_match
ABRUZZO,PIZZOLI,ABRUZZO,Pizzoli,66072,066072,066,AQ,exact_match
ABRUZZO,PRATOLA PELIGNA,ABRUZZO,Pratola Peligna,66075,066075,066,AQ,exact_match
ABRUZZO,ROCCASPINALVETI,ABRUZZO,Roccaspinalveti,69076,069076,069,CH,exact_match
ABRUZZO,ROSCIANO,ABRUZZO,Rosciano,68035,068035,068,PE,exact_match
ABRUZZO,SAN GIOVANNI TEATINO,ABRUZZO,San Giovanni Teatino,69081,069081,069,CH,exact_match
ABRUZZO,SAN SALVO,ABRUZZO,San Salvo,69083,069083,069,CH,exact_match
ABRUZZO,SAN VALENTINO IN ABRUZZO CITERIORE,ABRUZZO,San Valentino in Abruzzo Citeriore,68038,068038,068,PE,exact_match
ABRUZZO,SAN VITO CHIETINO,ABRUZZO,San Vito Chietino,69086,069086,069,CH,exact_match
ABRUZZO,SANT'EGIDIO ALLA VIBRATA,ABRUZZO,Sant'Egidio alla Vibrata,67038,067038,067,TE,exact_match
ABRUZZO,SCAFA,ABRUZZO,Scafa,68039,068039,068,PE,exact_match
ABRUZZO,SCOPPITO,ABRUZZO,Scoppito,66095,066095,066,AQ,exact_match
ABRUZZO,SILVI,ABRUZZO,Silvi,67040,067040,067,TE,exact_match
ABRUZZO,SPOLTORE,ABRUZZO,Spoltore,68041,068041,068,PE,exact_match
ABRUZZO,SULMONA,ABRUZZO,Sulmona,66098,066098,066,AQ,exact_match
ABRUZZO,TORANO NUOVO,ABRUZZO,Torano Nuovo,67042,067042,067,TE,exact_match
ABRUZZO,TORINO DI SANGRO,ABRUZZO,Torino di Sangro,69091,069091,069,CH,exact_match
BASILICATA,ALIANO,BASILICATA,Aliano,77002,077002,077,MT,exact_match
BASILICATA,AVIGLIANO,BASILICATA,Avigliano,76007,076007,076,PZ,exact_match
BASILICATA,CASTELLUCCIO INFERIORE,BASILICATA,Castelluccio Inferiore,76022,076022,076,PZ,exact_match
BASILICATA,CHIAROMONTE,BASILICATA,Chiaromonte,76028,076028,076,PZ,exact_match
BASILICATA,GORGOGLIONE,BASILICATA,Gorgoglione,77010,077010,077,MT,exact_match
BASILICATA,GRASSANO,BASILICATA,Grassano,77011,077011,077,MT,exact_match
BASILICATA,LAVELLO,BASILICATA,Lavello,76043,076043,076,PZ,exact_match
BASILICATA,MARATEA,BASILICATA,Maratea,76044,076044,076,PZ,exact_match
BASILICATA,MARSICOVETERE,BASILICATA,Marsicovetere,76046,076046,076,PZ,exact_match
BASILICATA,MATERA,BASILICATA,Matera,77014,077014,077,MT,exact_match
BASILICATA,MONTALBANO JONICO,BASILICATA,Montalbano Jonico,77016,077016,077,MT,exact_match
BASILICATA,MONTESCAGLIOSO,BASILICATA,Montescaglioso,77017,077017,077,MT,exact_match
BASILICATA,NOVA SIRI,BASILICATA,Nova Siri,77018,077018,077,MT,exact_match
BASILICATA,OPPIDO LUCANO,BASILICATA,Oppido Lucano,76056,076056,076,PZ,exact_match
BASILICATA,PALAZZO SAN GERVASIO,BASILICATA,Palazzo San Gervasio,76057,076057,076,PZ,exact_match
BASILICATA,POLICORO,BASILICATA,Policoro,77021,077021,077,MT,exact_match
BASILICATA,SANT'ARCANGELO,BASILICATA,Sant'Arcangelo,76080,076080,076,PZ,exact_match
BASILICATA,SCANZANO JONICO,BASILICATA,Scanzano Jonico,77031,077031,077,MT,exact_match
BASILICATA,STIGLIANO,BASILICATA,Stigliano,77027,077027,077,MT,exact_match
BASILICATA,VENOSA,BASILICATA,Venosa,76095,076095,076,PZ,exact_match
CALABRIA,AMANTEA,CALABRIA,Amantea,78010,078010,078,CS,exact_match
CALABRIA,ANOIA,CALABRIA,Anoia,80003,080003,080,RC,exact_match
CALABRIA,BAGNARA CALABRA,CALABRIA,Bagnara Calabra,80007,080007,080,RC,exact_match
CALABRIA,BELCASTRO,CALABRIA,Belcastro,79009,079009,079,CZ,exact_match
CALABRIA,BELMONTE CALABRO,CALABRIA,Belmonte Calabro,78013,078013,078,CS,exact_match
CALABRIA,CASTROLIBERO,CALABRIA,Castrolibero,78031,078031,078,CS,exact_match
CALABRIA,CASTROVILLARI,CALABRIA,Castrovillari,78033,078033,078,CS,exact_match
CALABRIA,CATANZARO,CALABRIA,Catanzaro,79023,079023,079,CZ,exact_match
CALABRIA,CETRARO,CALABRIA,Cetraro,78040,078040,078,CS,exact_match
CALABRIA,CIRO' MARINA,CALABRIA,Cirò Marina,101008,101008,101,KR,manual_apostrofo
CALABRIA,CORIGLIANO-ROSSANO,CALABRIA,Corigliano-Rossano,78157,078157,078,CS,exact_match
CALABRIA,CROTONE,CALABRIA,Crotone,101010,101010,101,KR,exact_match
CALABRIA,DAVOLI,CALABRIA,Davoli,79042,079042,079,CZ,exact_match
CALABRIA,DECOLLATURA,CALABRIA,Decollatura,79043,079043,079,CZ,exact_match
CALABRIA,DIPIGNANO,CALABRIA,Dipignano,78049,078049,078,CS,exact_match
CALABRIA,FIUMEFREDDO BRUZIO,CALABRIA,Fiumefreddo Bruzio,78055,078055,078,CS,exact_match
CALABRIA,FRANCAVILLA MARITTIMA,CALABRIA,Francavilla Marittima,78056,078056,078,CS,exact_match
CALABRIA,GIOIA TAURO,CALABRIA,Gioia Tauro,80038,080038,080,RC,exact_match
CALABRIA,GIOIOSA IONICA,CALABRIA,Gioiosa Ionica,80039,080039,080,RC,exact_match
CALABRIA,IONADI,CALABRIA,Jonadi,102017,102017,102,VV,manual_grafia
CALABRIA,ISOLA DI CAPO RIZZUTO,CALABRIA,Isola di Capo Rizzuto,101013,101013,101,KR,exact_match
CALABRIA,LAMEZIA TERME,CALABRIA,Lamezia Terme,79160,079160,079,CZ,exact_match
CALABRIA,MANDATORICCIO,CALABRIA,Mandatoriccio,78074,078074,078,CS,exact_match
CALABRIA,MARCEDUSA,CALABRIA,Marcedusa,79071,079071,079,CZ,exact_match
CALABRIA,MELISSA,CALABRIA,Melissa,101014,101014,101,KR,exact_match
CALABRIA,MONASTERACE,CALABRIA,Monasterace,80052,080052,080,RC,exact_match
CALABRIA,MONTEBELLO IONICO,CALABRIA,Montebello Jonico,80053,080053,080,RC,manual_grafia
CALABRIA,ORSOMARSO,CALABRIA,Orsomarso,78088,078088,078,CS,exact_match
CALABRIA,PARENTI,CALABRIA,Parenti,78093,078093,078,CS,exact_match
CALABRIA,PARGHELIA,CALABRIA,Parghelia,102026,102026,102,VV,exact_match
CALABRIA,PIZZO,CALABRIA,Pizzo,102027,102027,102,VV,exact_match
CALABRIA,POLIA,CALABRIA,Polia,102029,102029,102,VV,exact_match
CALABRIA,POLISTENA,CALABRIA,Polistena,80061,080061,080,RC,exact_match
CALABRIA,REGGIO CALABRIA,CALABRIA,Reggio di Calabria,80063,080063,080,RC,manual_nome_ufficiale
CALABRIA,RENDE,CALABRIA,Rende,78102,078102,078,CS,exact_match
CALABRIA,ROCCA DI NETO,CALABRIA,Rocca di Neto,101019,101019,101,KR,exact_match
CALABRIA,ROCCA IMPERIALE,CALABRIA,Rocca Imperiale,78103,078103,078,CS,exact_match
CALABRIA,ROCCELLA IONICA,CALABRIA,Roccella Ionica,80067,080067,080,RC,exact_match
CALABRIA,ROVITO,CALABRIA,Rovito,78110,078110,078,CS,exact_match
CALABRIA,SAN CALOGERO,CALABRIA,San Calogero,102032,102032,102,VV,exact_match
CALABRIA,SCALEA,CALABRIA,Scalea,78138,078138,078,CS,exact_match
CALABRIA,SIDERNO,CALABRIA,Siderno,80088,080088,080,RC,exact_match
CALABRIA,TARSIA,CALABRIA,Tarsia,78145,078145,078,CS,exact_match
CALABRIA,TERRANOVA DA SIBARI,CALABRIA,Terranova da Sibari,78146,078146,078,CS,exact_match
CALABRIA,VILLA SAN GIOVANNI,CALABRIA,Villa San Giovanni,80096,080096,080,RC,exact_match
CAMPANIA,AFRAGOLA,CAMPANIA,Afragola,63002,063002,063,NA,exact_match
CAMPANIA,AGROPOLI,CAMPANIA,Agropoli,65002,065002,065,SA,exact_match
CAMPANIA,AIELLO DEL SABATO,CAMPANIA,Aiello del Sabato,64001,064001,064,AV,exact_match
CAMPANIA,ALVIGNANO,CAMPANIA,Alvignano,61003,061003,061,CE,exact_match
CAMPANIA,ARIANO IRPINO,CAMPANIA,Ariano Irpino,64005,064005,064,AV,exact_match
CAMPANIA,ARZANO,CAMPANIA,Arzano,63005,063005,063,NA,exact_match
CAMPANIA,ATRIPALDA,CAMPANIA,Atripalda,64006,064006,064,AV,exact_match
CAMPANIA,BACOLI,CAMPANIA,Bacoli,63006,063006,063,NA,exact_match
CAMPANIA,BARANO D'ISCHIA,CAMPANIA,Barano d'Ischia,63007,063007,063,NA,exact_match
CAMPANIA,BARONISSI,CAMPANIA,Baronissi,65013,065013,065,SA,exact_match
CAMPANIA,BATTIPAGLIA,CAMPANIA,Battipaglia,65014,065014,065,SA,exact_match
CAMPANIA,BENEVENTO,CAMPANIA,Benevento,62008,062008,062,BN,exact_match
CAMPANIA,BOSCOREALE,CAMPANIA,Boscoreale,63008,063008,063,NA,exact_match
CAMPANIA,BOSCOTRECASE,CAMPANIA,Boscotrecase,63009,063009,063,NA,exact_match
CAMPANIA,BUONALBERGO,CAMPANIA,Buonalbergo,62011,062011,062,BN,exact_match
CAMPANIA,CALITRI,CAMPANIA,Calitri,64015,064015,064,AV,exact_match
CAMPANIA,CAMPAGNA,CAMPANIA,Campagna,65022,065022,065,SA,exact_match
CAMPANIA,CAPUA,CAMPANIA,Capua,61015,061015,061,CE,exact_match
CAMPANIA,CARINARO,CAMPANIA,Carinaro,61016,061016,061,CE,exact_match
CAMPANIA,CASAL DI PRINCIPE,CAMPANIA,Casal di Principe,61019,061019,061,CE,exact_match
CAMPANIA,CASALNUOVO DI NAPOLI,CAMPANIA,Casalnuovo di Napoli,63017,063017,063,NA,exact_match
CAMPANIA,CASTEL VOLTURNO,CAMPANIA,Castel Volturno,61027,061027,061,CE,exact_match
CAMPANIA,CASTELLABATE,CAMPANIA,Castellabate,65031,065031,065,SA,exact_match
CAMPANIA,CASTELLAMMARE DI STABIA,CAMPANIA,Castellammare di Stabia,63024,063024,063,NA,exact_match
CAMPANIA,CAVA DE' TIRRENI,CAMPANIA,Cava de' Tirreni,65037,065037,065,SA,exact_match
CAMPANIA,CICCIANO,CAMPANIA,Cicciano,63027,063027,063,NA,exact_match
CAMPANIA,EBOLI,CAMPANIA,Eboli,65050,065050,065,SA,exact_match
CAMPANIA,FALCIANO DEL MASSICO,CAMPANIA,Falciano del Massico,61101,061101,061,CE,exact_match
CAMPANIA,FOGLIANISE,CAMPANIA,Foglianise,62030,062030,062,BN,exact_match
CAMPANIA,FRATTAMAGGIORE,CAMPANIA,Frattamaggiore,63032,063032,063,NA,exact_match
CAMPANIA,GIUGLIANO IN CAMPANIA,CAMPANIA,Giugliano in Campania,63034,063034,063,NA,exact_match
CAMPANIA,GRAGNANO,CAMPANIA,Gragnano,63035,063035,063,NA,exact_match
CAMPANIA,GRUMO NEVANO,CAMPANIA,Grumo Nevano,63036,063036,063,NA,exact_match
CAMPANIA,LAURO,CAMPANIA,Lauro,64043,064043,064,AV,exact_match
CAMPANIA,LIONI,CAMPANIA,Lioni,64044,064044,064,AV,exact_match
CAMPANIA,MARCIANISE,CAMPANIA,Marcianise,61049,061049,061,CE,exact_match
CAMPANIA,MARIGLIANO,CAMPANIA,Marigliano,63043,063043,063,NA,exact_match
CAMPANIA,MASSA DI SOMMA,CAMPANIA,Massa di Somma,63092,063092,063,NA,exact_match
CAMPANIA,MIRABELLA ECLANO,CAMPANIA,Mirabella Eclano,64050,064050,064,AV,exact_match
CAMPANIA,MONDRAGONE,CAMPANIA,Mondragone,61052,061052,061,CE,exact_match
CAMPANIA,MONTE DI PROCIDA,CAMPANIA,Monte di Procida,63047,063047,063,NA,exact_match
CAMPANIA,MONTECORVINO PUGLIANO,CAMPANIA,Montecorvino Pugliano,65072,065072,065,SA,exact_match
CAMPANIA,MONTEFORTE IRPINO,CAMPANIA,Monteforte Irpino,64054,064054,064,AV,exact_match
CAMPANIA,MONTEMARANO,CAMPANIA,Montemarano,64058,064058,064,AV,exact_match
CAMPANIA,MONTESARCHIO,CAMPANIA,Montesarchio,62043,062043,062,BN,exact_match
CAMPANIA,MONTORO,CAMPANIA,Montoro,64121,064121,064,AV,exact_match
CAMPANIA,NAPOLI,CAMPANIA,Napoli,63049,063049,063,NA,exact_match
CAMPANIA,NUSCO,CAMPANIA,Nusco,64066,064066,064,AV,exact_match
CAMPANIA,PAGANI,CAMPANIA,Pagani,65088,065088,065,SA,exact_match
CAMPANIA,PALMA CAMPANIA,CAMPANIA,Palma Campania,63052,063052,063,NA,exact_match
CAMPANIA,PERDIFUMO,CAMPANIA,Perdifumo,65091,065091,065,SA,exact_match
CAMPANIA,PIANO DI SORRENTO,CAMPANIA,Piano di Sorrento,63053,063053,063,NA,exact_match
CAMPANIA,POGGIOMARINO,CAMPANIA,Poggiomarino,63055,063055,063,NA,exact_match
CAMPANIA,POMIGLIANO D'ARCO,CAMPANIA,Pomigliano d'Arco,63057,063057,063,NA,exact_match
CAMPANIA,POMPEI,CAMPANIA,Pompei,63058,063058,063,NA,exact_match
CAMPANIA,PORTICI,CAMPANIA,Portici,63059,063059,063,NA,exact_match
CAMPANIA,POZZUOLI,CAMPANIA,Pozzuoli,63060,063060,063,NA,exact_match
CAMPANIA,QUARTO,CAMPANIA,Quarto,63063,063063,063,NA,exact_match
CAMPANIA,ROTONDI,CAMPANIA,Rotondi,64080,064080,064,AV,exact_match
CAMPANIA,SALERNO,CAMPANIA,Salerno,65116,065116,065,SA,exact_match
CAMPANIA,SAN BARTOLOMEO IN GALDO,CAMPANIA,San Bartolomeo in Galdo,62057,062057,062,BN,exact_match
CAMPANIA,SAN FELICE A CANCELLO,CAMPANIA,San Felice a Cancello,61075,061075,061,CE,exact_match
CAMPANIA,SAN GIORGIO A CREMANO,CAMPANIA,San Giorgio a Cremano,63067,063067,063,NA,exact_match
CAMPANIA,SAN GIORGIO DEL SANNIO,CAMPANIA,San Giorgio del Sannio,62058,062058,062,BN,exact_match
CAMPANIA,SAN GIUSEPPE VESUVIANO,CAMPANIA,San Giuseppe Vesuviano,63068,063068,063,NA,exact_match
CAMPANIA,SAN MARCO DEI CAVOTI,CAMPANIA,San Marco dei Cavoti,62064,062064,062,BN,exact_match
CAMPANIA,SANT'ANGELO DEI LOMBARDI,CAMPANIA,Sant'Angelo dei Lombardi,64092,064092,064,AV,exact_match
CAMPANIA,SANT'ARPINO,CAMPANIA,Sant'Arpino,61087,061087,061,CE,exact_match
CAMPANIA,SARNO,CAMPANIA,Sarno,65135,065135,065,SA,exact_match
CAMPANIA,SERINO,CAMPANIA,Serino,64099,064099,064,AV,exact_match
CAMPANIA,SESSA AURUNCA,CAMPANIA,Sessa Aurunca,61088,061088,061,CE,exact_match
CAMPANIA,SICIGNANO DEGLI ALBURNI,CAMPANIA,Sicignano degli Alburni,65143,065143,065,SA,exact_match
CAMPANIA,SOLOFRA,CAMPANIA,Solofra,64101,064101,064,AV,exact_match
CAMPANIA,SOMMA VESUVIANA,CAMPANIA,Somma Vesuviana,63079,063079,063,NA,exact_match
CAMPANIA,TERZIGNO,CAMPANIA,Terzigno,63082,063082,063,NA,exact_match
CAMPANIA,TORRE ANNUNZIATA,CAMPANIA,Torre Annunziata,63083,063083,063,NA,exact_match
CAMPANIA,TORRE DEL GRECO,CAMPANIA,Torre del Greco,63084,063084,063,NA,exact_match
CAMPANIA,TRAMONTI,CAMPANIA,Tramonti,65151,065151,065,SA,exact_match
CAMPANIA,VICO EQUENSE,CAMPANIA,Vico Equense,63086,063086,063,NA,exact_match
EMILIA ROMAGNA,ALBARETO,EMILIA ROMAGNA,Albareto,34001,034001,034,PR,exact_match
EMILIA ROMAGNA,ALFONSINE,EMILIA ROMAGNA,Alfonsine,39001,039001,039,RA,exact_match
EMILIA ROMAGNA,ANZOLA DELL'EMILIA,EMILIA ROMAGNA,Anzola dell'Emilia,37001,037001,037,BO,exact_match
EMILIA ROMAGNA,ARGENTA,EMILIA ROMAGNA,Argenta,38001,038001,038,FE,exact_match
EMILIA ROMAGNA,BAGNACAVALLO,EMILIA ROMAGNA,Bagnacavallo,39002,039002,039,RA,exact_match
EMILIA ROMAGNA,BAGNOLO IN PIANO,EMILIA ROMAGNA,Bagnolo in Piano,35002,035002,035,RE,exact_match
EMILIA ROMAGNA,BARDI,EMILIA ROMAGNA,Bardi,34002,034002,034,PR,exact_match
EMILIA ROMAGNA,BARICELLA,EMILIA ROMAGNA,Baricella,37003,037003,037,BO,exact_match
EMILIA ROMAGNA,BELLARIA-IGEA MARINA,EMILIA ROMAGNA,Bellaria-Igea Marina,99001,099001,099,RN,exact_match
EMILIA ROMAGNA,BOLOGNA,EMILIA ROMAGNA,Bologna,37006,037006,037,BO,exact_match
EMILIA ROMAGNA,BORETTO,EMILIA ROMAGNA,Boretto,35005,035005,035,RE,exact_match
EMILIA ROMAGNA,BRESCELLO,EMILIA ROMAGNA,Brescello,35006,035006,035,RE,exact_match
EMILIA ROMAGNA,BUDRIO,EMILIA ROMAGNA,Budrio,37008,037008,037,BO,exact_match
EMILIA ROMAGNA,CALDERARA DI RENO,EMILIA ROMAGNA,Calderara di Reno,37009,037009,037,BO,exact_match
EMILIA ROMAGNA,CAMPOGALLIANO,EMILIA ROMAGNA,Campogalliano,36003,036003,036,MO,exact_match
EMILIA ROMAGNA,CAMPOSANTO,EMILIA ROMAGNA,Camposanto,36004,036004,036,MO,exact_match
EMILIA ROMAGNA,CASALECCHIO DI RENO,EMILIA ROMAGNA,Casalecchio di Reno,37011,037011,037,BO,exact_match
EMILIA ROMAGNA,CASINA,EMILIA ROMAGNA,Casina,35013,035013,035,RE,exact_match
EMILIA ROMAGNA,CASTEL SAN PIETRO TERME,EMILIA ROMAGNA,Castel San Pietro Terme,37020,037020,037,BO,exact_match
EMILIA ROMAGNA,CASTELL'ARQUATO,EMILIA ROMAGNA,Castell'Arquato,33012,033012,033,PC,exact_match
EMILIA ROMAGNA,CASTELNOVO DI SOTTO,EMILIA ROMAGNA,Castelnovo di Sotto,35015,035015,035,RE,exact_match
EMILIA ROMAGNA,CASTIGLIONE DEI PEPOLI,EMILIA ROMAGNA,Castiglione dei Pepoli,37022,037022,037,BO,exact_match
EMILIA ROMAGNA,CAVRIAGO,EMILIA ROMAGNA,Cavriago,35017,035017,035,RE,exact_match
EMILIA ROMAGNA,CENTO,EMILIA ROMAGNA,Cento,38004,038004,038,FE,exact_match
EMILIA ROMAGNA,CERVIA,EMILIA ROMAGNA,Cervia,39007,039007,039,RA,exact_match
EMILIA ROMAGNA,CESENA,EMILIA ROMAGNA,Cesena,40007,040007,040,FC,exact_match
EMILIA ROMAGNA,COLLECCHIO,EMILIA ROMAGNA,Collecchio,34009,034009,034,PR,exact_match
EMILIA ROMAGNA,COLORNO,EMILIA ROMAGNA,Colorno,34010,034010,034,PR,exact_match
EMILIA ROMAGNA,COMACCHIO,EMILIA ROMAGNA,Comacchio,38006,038006,038,FE,exact_match
EMILIA ROMAGNA,DOZZA,EMILIA ROMAGNA,Dozza,37025,037025,037,BO,exact_match
EMILIA ROMAGNA,FAENZA,EMILIA ROMAGNA,Faenza,39010,039010,039,RA,exact_match
EMILIA ROMAGNA,FERRARA,EMILIA ROMAGNA,Ferrara,38008,038008,038,FE,exact_match
EMILIA ROMAGNA,FINALE EMILIA,EMILIA ROMAGNA,Finale Emilia,36012,036012,036,MO,exact_match
EMILIA ROMAGNA,FISCAGLIA,EMILIA ROMAGNA,Fiscaglia,38027,038027,038,FE,exact_match
EMILIA ROMAGNA,FONTANELLATO,EMILIA ROMAGNA,Fontanellato,34015,034015,034,PR,exact_match
EMILIA ROMAGNA,FONTEVIVO,EMILIA ROMAGNA,Fontevivo,34016,034016,034,PR,exact_match
EMILIA ROMAGNA,FORLI',EMILIA ROMAGNA,Forlì,40012,040012,040,FC,manual_apostrofo
EMILIA ROMAGNA,FORMIGINE,EMILIA ROMAGNA,Formigine,36015,036015,036,MO,exact_match
EMILIA ROMAGNA,FUSIGNANO,EMILIA ROMAGNA,Fusignano,39011,039011,039,RA,exact_match
EMILIA ROMAGNA,GALEATA,EMILIA ROMAGNA,Galeata,40014,040014,040,FC,exact_match
EMILIA ROMAGNA,GALLIERA,EMILIA ROMAGNA,Galliera,37028,037028,037,BO,exact_match
EMILIA ROMAGNA,GAMBETTOLA,EMILIA ROMAGNA,Gambettola,40015,040015,040,FC,exact_match
EMILIA ROMAGNA,GRIZZANA MORANDI,EMILIA ROMAGNA,Grizzana Morandi,37031,037031,037,BO,exact_match
EMILIA ROMAGNA,GUALTIERI,EMILIA ROMAGNA,Gualtieri,35023,035023,035,RE,exact_match
EMILIA ROMAGNA,GUASTALLA,EMILIA ROMAGNA,Guastalla,35024,035024,035,RE,exact_match
EMILIA ROMAGNA,IMOLA,EMILIA ROMAGNA,Imola,37032,037032,037,BO,exact_match
EMILIA ROMAGNA,LANGHIRANO,EMILIA ROMAGNA,Langhirano,34018,034018,034,PR,exact_match
EMILIA ROMAGNA,LUGO,EMILIA ROMAGNA,Lugo,39012,039012,039,RA,exact_match
EMILIA ROMAGNA,MALALBERGO,EMILIA ROMAGNA,Malalbergo,37035,037035,037,BO,exact_match
EMILIA ROMAGNA,MARANO SUL PANARO,EMILIA ROMAGNA,Marano sul Panaro,36020,036020,036,MO,exact_match
EMILIA ROMAGNA,MARZABOTTO,EMILIA ROMAGNA,Marzabotto,37036,037036,037,BO,exact_match
EMILIA ROMAGNA,MASSA LOMBARDA,EMILIA ROMAGNA,Massa Lombarda,39013,039013,039,RA,exact_match
EMILIA ROMAGNA,MIRANDOLA,EMILIA ROMAGNA,Mirandola,36022,036022,036,MO,exact_match
EMILIA ROMAGNA,MODENA,EMILIA ROMAGNA,Modena,36023,036023,036,MO,exact_match
EMILIA ROMAGNA,MONTE SAN PIETRO,EMILIA ROMAGNA,Monte San Pietro,37042,037042,037,BO,exact_match
EMILIA ROMAGNA,MONTEFIORINO,EMILIA ROMAGNA,Montefiorino,36025,036025,036,MO,exact_match
EMILIA ROMAGNA,MONZUNO,EMILIA ROMAGNA,Monzuno,37044,037044,037,BO,exact_match
EMILIA ROMAGNA,MORCIANO DI ROMAGNA,EMILIA ROMAGNA,Morciano di Romagna,99011,099011,099,RN,exact_match
EMILIA ROMAGNA,MORFASSO,EMILIA ROMAGNA,Morfasso,33028,033028,033,PC,exact_match
EMILIA ROMAGNA,NONANTOLA,EMILIA ROMAGNA,Nonantola,36027,036027,036,MO,exact_match
EMILIA ROMAGNA,NOVELLARA,EMILIA ROMAGNA,Novellara,35028,035028,035,RE,exact_match
EMILIA ROMAGNA,PARMA,EMILIA ROMAGNA,Parma,34027,034027,034,PR,exact_match
EMILIA ROMAGNA,PAVULLO NEL FRIGNANO,EMILIA ROMAGNA,Pavullo nel Frignano,36030,036030,036,MO,exact_match
EMILIA ROMAGNA,PIANORO,EMILIA ROMAGNA,Pianoro,37047,037047,037,BO,exact_match
EMILIA ROMAGNA,PIEVEPELAGO,EMILIA ROMAGNA,Pievepelago,36031,036031,036,MO,exact_match
EMILIA ROMAGNA,POLESINE ZIBELLO,EMILIA ROMAGNA,Polesine Zibello,34050,034050,034,PR,exact_match
EMILIA ROMAGNA,POVIGLIO,EMILIA ROMAGNA,Poviglio,35029,035029,035,RE,exact_match
EMILIA ROMAGNA,RAVENNA,EMILIA ROMAGNA,Ravenna,39014,039014,039,RA,exact_match
EMILIA ROMAGNA,REGGIO EMILIA,EMILIA ROMAGNA,Reggio nell'Emilia,35033,035033,035,RE,manual_nome_ufficiale
EMILIA ROMAGNA,REGGIOLO,EMILIA ROMAGNA,Reggiolo,35032,035032,035,RE,exact_match
EMILIA ROMAGNA,RICCIONE,EMILIA ROMAGNA,Riccione,99013,099013,099,RN,exact_match
EMILIA ROMAGNA,RIMINI,EMILIA ROMAGNA,Rimini,99014,099014,099,RN,exact_match
EMILIA ROMAGNA,RIOLO TERME,EMILIA ROMAGNA,Riolo Terme,39015,039015,039,RA,exact_match
EMILIA ROMAGNA,ROCCA SAN CASCIANO,EMILIA ROMAGNA,Rocca San Casciano,40036,040036,040,FC,exact_match
EMILIA ROMAGNA,ROLO,EMILIA ROMAGNA,Rolo,35035,035035,035,RE,exact_match
EMILIA ROMAGNA,RUBIERA,EMILIA ROMAGNA,Rubiera,35036,035036,035,RE,exact_match
EMILIA ROMAGNA,SALA BAGANZA,EMILIA ROMAGNA,Sala Baganza,34031,034031,034,PR,exact_match
EMILIA ROMAGNA,SAN BENEDETTO VAL DI SAMBRO,EMILIA ROMAGNA,San Benedetto Val di Sambro,37051,037051,037,BO,exact_match
EMILIA ROMAGNA,SAN GIORGIO PIACENTINO,EMILIA ROMAGNA,San Giorgio Piacentino,33040,033040,033,PC,exact_match
EMILIA ROMAGNA,SAN GIOVANNI IN PERSICETO,EMILIA ROMAGNA,San Giovanni in Persiceto,37053,037053,037,BO,exact_match
EMILIA ROMAGNA,SAN LAZZARO DI SAVENA,EMILIA ROMAGNA,San Lazzaro di Savena,37054,037054,037,BO,exact_match
EMILIA ROMAGNA,SAN LEO,EMILIA ROMAGNA,San Leo,99025,099025,099,RN,exact_match
EMILIA ROMAGNA,SAN PIETRO IN CASALE,EMILIA ROMAGNA,San Pietro in Casale,37055,037055,037,BO,exact_match
EMILIA ROMAGNA,SANT'AGATA BOLOGNESE,EMILIA ROMAGNA,Sant'Agata Bolognese,37056,037056,037,BO,exact_match
EMILIA ROMAGNA,SAVIGNANO SUL PANARO,EMILIA ROMAGNA,Savignano sul Panaro,36041,036041,036,MO,exact_match
EMILIA ROMAGNA,SCANDIANO,EMILIA ROMAGNA,Scandiano,35040,035040,035,RE,exact_match
EMILIA ROMAGNA,SESTOLA,EMILIA ROMAGNA,Sestola,36043,036043,036,MO,exact_match
EMILIA ROMAGNA,SOGLIANO AL RUBICONE,EMILIA ROMAGNA,Sogliano al Rubicone,40046,040046,040,FC,exact_match
EMILIA ROMAGNA,SOLAROLO,EMILIA ROMAGNA,Solarolo,39018,039018,039,RA,exact_match
EMILIA ROMAGNA,TRAVERSETOLO,EMILIA ROMAGNA,Traversetolo,34042,034042,034,PR,exact_match
EMILIA ROMAGNA,TREDOZIO,EMILIA ROMAGNA,Tredozio,40049,040049,040,FC,exact_match
EMILIA ROMAGNA,VALSAMOGGIA,EMILIA ROMAGNA,Valsamoggia,37061,037061,037,BO,exact_match
EMILIA ROMAGNA,VIGNOLA,EMILIA ROMAGNA,Vignola,36046,036046,036,MO,exact_match
EMILIA ROMAGNA,ZOLA PREDOSA,EMILIA ROMAGNA,Zola Predosa,37060,037060,037,BO,exact_match
FRIULI VENEZIA GIULIA,AQUILEIA,FRIULI VENEZIA GIULIA,Aquileia,30004,030004,030,UD,exact_match
FRIULI VENEZIA GIULIA,AZZANO DECIMO,FRIULI VENEZIA GIULIA,Azzano Decimo,93005,093005,093,PN,exact_match
FRIULI VENEZIA GIULIA,BAGNARIA ARSA,FRIULI VENEZIA GIULIA,Bagnaria Arsa,30008,030008,030,UD,exact_match
FRIULI VENEZIA GIULIA,BASILIANO,FRIULI VENEZIA GIULIA,Basiliano,30009,030009,030,UD,exact_match
FRIULI VENEZIA GIULIA,CAMPOFORMIDO,FRIULI VENEZIA GIULIA,Campoformido,30016,030016,030,UD,exact_match
FRIULI VENEZIA GIULIA,CASSACCO,FRIULI VENEZIA GIULIA,Cassacco,30019,030019,030,UD,exact_match
FRIULI VENEZIA GIULIA,CERVIGNANO DEL FRIULI,FRIULI VENEZIA GIULIA,Cervignano del Friuli,30023,030023,030,UD,exact_match
FRIULI VENEZIA GIULIA,CODROIPO,FRIULI VENEZIA GIULIA,Codroipo,30027,030027,030,UD,exact_match
FRIULI VENEZIA GIULIA,CORMONS,FRIULI VENEZIA GIULIA,Cormons,31002,031002,031,GO,exact_match
FRIULI VENEZIA GIULIA,FAGAGNA,FRIULI VENEZIA GIULIA,Fagagna,30037,030037,030,UD,exact_match
FRIULI VENEZIA GIULIA,GORIZIA,FRIULI VENEZIA GIULIA,Gorizia,31007,031007,031,GO,exact_match
FRIULI VENEZIA GIULIA,LIGNANO-SABBIADORO,FRIULI VENEZIA GIULIA,Lignano Sabbiadoro,30049,030049,030,UD,manual_trattino
FRIULI VENEZIA GIULIA,MANZANO,FRIULI VENEZIA GIULIA,Manzano,30055,030055,030,UD,exact_match
FRIULI VENEZIA GIULIA,MONFALCONE,FRIULI VENEZIA GIULIA,Monfalcone,31012,031012,031,GO,exact_match
FRIULI VENEZIA GIULIA,MORTEGLIANO,FRIULI VENEZIA GIULIA,Mortegliano,30062,030062,030,UD,exact_match
FRIULI VENEZIA GIULIA,MOSSA,FRIULI VENEZIA GIULIA,Mossa,31014,031014,031,GO,exact_match
FRIULI VENEZIA GIULIA,MUGGIA,FRIULI VENEZIA GIULIA,Muggia,32003,032003,032,TS,exact_match
FRIULI VENEZIA GIULIA,PORDENONE,FRIULI VENEZIA GIULIA,Pordenone,93033,093033,093,PN,exact_match
FRIULI VENEZIA GIULIA,REANA DEL ROJALE,FRIULI VENEZIA GIULIA,Reana del Rojale,30090,030090,030,UD,exact_match
FRIULI VENEZIA GIULIA,ROMANS D'ISONZO,FRIULI VENEZIA GIULIA,Romans d'Isonzo,31015,031015,031,GO,exact_match
FRIULI VENEZIA GIULIA,RONCHI DEI LEGIONARI,FRIULI VENEZIA GIULIA,Ronchi dei Legionari,31016,031016,031,GO,exact_match
FRIULI VENEZIA GIULIA,SAN DORLIGO DELLA VALLE,FRIULI VENEZIA GIULIA,San Dorligo della Valle-Dolina,32004,032004,032,TS,manual_nome_bilingue
FRIULI VENEZIA GIULIA,SAN GIOVANNI AL NATISONE,FRIULI VENEZIA GIULIA,San Giovanni al Natisone,30101,030101,030,UD,exact_match
FRIULI VENEZIA GIULIA,SEQUALS,FRIULI VENEZIA GIULIA,Sequals,93042,093042,093,PN,exact_match
FRIULI VENEZIA GIULIA,TARCENTO,FRIULI VENEZIA GIULIA,Tarcento,30116,030116,030,UD,exact_match
FRIULI VENEZIA GIULIA,TERZO DI AQUILEIA,FRIULI VENEZIA GIULIA,Terzo d'Aquileia,30120,030120,030,UD,manual_apostrofo
FRIULI VENEZIA GIULIA,TRIESTE,FRIULI VENEZIA GIULIA,Trieste,32006,032006,032,TS,exact_match
FRIULI VENEZIA GIULIA,UDINE,FRIULI VENEZIA GIULIA,Udine,30129,030129,030,UD,exact_match
LAZIO,AGOSTA,LAZIO,Agosta,58002,058002,058,RM,exact_match
LAZIO,ALATRI,LAZIO,Alatri,60003,060003,060,FR,exact_match
LAZIO,ALBANO LAZIALE,LAZIO,Albano Laziale,58003,058003,058,RM,exact_match
LAZIO,ANTRODOCO,LAZIO,Antrodoco,57003,057003,057,RI,exact_match
LAZIO,ANZIO,LAZIO,Anzio,58007,058007,058,RM,exact_match
LAZIO,APRILIA,LAZIO,Aprilia,59001,059001,059,LT,exact_match
LAZIO,ARDEA,LAZIO,Ardea,58117,058117,058,RM,exact_match
LAZIO,ARPINO,LAZIO,Arpino,60010,060010,060,FR,exact_match
LAZIO,ARTENA,LAZIO,Artena,58011,058011,058,RM,exact_match
LAZIO,ATINA,LAZIO,Atina,60011,060011,060,FR,exact_match
LAZIO,BELLEGRA,LAZIO,Bellegra,58012,058012,058,RM,exact_match
LAZIO,BRACCIANO,LAZIO,Bracciano,58013,058013,058,RM,exact_match
LAZIO,CAMPAGNANO DI ROMA,LAZIO,Campagnano di Roma,58015,058015,058,RM,exact_match
LAZIO,CANEPINA,LAZIO,Canepina,56011,056011,056,VT,exact_match
LAZIO,CANINO,LAZIO,Canino,56012,056012,056,VT,exact_match
LAZIO,CARPINETO ROMANO,LAZIO,Carpineto Romano,58020,058020,058,RM,exact_match
LAZIO,CASSINO,LAZIO,Cassino,60019,060019,060,FR,exact_match
LAZIO,CASTEL GANDOLFO,LAZIO,Castel Gandolfo,58022,058022,058,RM,exact_match
LAZIO,CASTELNUOVO DI PORTO,LAZIO,Castelnuovo di Porto,58024,058024,058,RM,exact_match
LAZIO,CECCANO,LAZIO,Ceccano,60024,060024,060,FR,exact_match
LAZIO,CISTERNA DI LATINA,LAZIO,Cisterna di Latina,59005,059005,059,LT,exact_match
LAZIO,CIVITAVECCHIA,LAZIO,Civitavecchia,58032,058032,058,RM,exact_match
LAZIO,COLFELICE,LAZIO,Colfelice,60027,060027,060,FR,exact_match
LAZIO,COLLE DI TORA,LAZIO,Colle di Tora,57019,057019,057,RI,exact_match
LAZIO,FABRICA DI ROMA,LAZIO,Fabrica di Roma,56024,056024,056,VT,exact_match
LAZIO,FIANO ROMANO,LAZIO,Fiano Romano,58036,058036,058,RM,exact_match
LAZIO,FIUGGI,LAZIO,Fiuggi,60035,060035,060,FR,exact_match
LAZIO,FIUMICINO,LAZIO,Fiumicino,58120,058120,058,RM,exact_match
LAZIO,FONDI,LAZIO,Fondi,59007,059007,059,LT,exact_match
LAZIO,FONTE NUOVA,LAZIO,Fonte Nuova,58122,058122,058,RM,exact_match
LAZIO,FORMIA,LAZIO,Formia,59008,059008,059,LT,exact_match
LAZIO,FRASCATI,LAZIO,Frascati,58039,058039,058,RM,exact_match
LAZIO,GALLESE,LAZIO,Gallese,56027,056027,056,VT,exact_match
LAZIO,GALLICANO NEL LAZIO,LAZIO,Gallicano nel Lazio,58040,058040,058,RM,exact_match
LAZIO,GENZANO DI ROMA,LAZIO,Genzano di Roma,58043,058043,058,RM,exact_match
LAZIO,GRAFFIGNANO,LAZIO,Graffignano,56029,056029,056,VT,exact_match
LAZIO,GROTTAFERRATA,LAZIO,Grottaferrata,58046,058046,058,RM,exact_match
LAZIO,GUIDONIA MONTECELIO,LAZIO,Guidonia Montecelio,58047,058047,058,RM,exact_match
LAZIO,ITRI,LAZIO,Itri,59010,059010,059,LT,exact_match
LAZIO,LANUVIO,LAZIO,Lanuvio,58050,058050,058,RM,exact_match
LAZIO,LARIANO,LAZIO,Lariano,58115,058115,058,RM,exact_match
LAZIO,LATINA,LAZIO,Latina,59011,059011,059,LT,exact_match
LAZIO,MANZIANA,LAZIO,Manziana,58054,058054,058,RM,exact_match
LAZIO,MARINO,LAZIO,Marino,58057,058057,058,RM,exact_match
LAZIO,MAZZANO ROMANO,LAZIO,Mazzano Romano,58058,058058,058,RM,exact_match
LAZIO,MONTALTO DI CASTRO,LAZIO,Montalto di Castro,56035,056035,056,VT,exact_match
LAZIO,MONTE COMPATRI,LAZIO,Monte Compatri,58060,058060,058,RM,exact_match
LAZIO,MONTELANICO,LAZIO,Montelanico,58062,058062,058,RM,exact_match
LAZIO,MONTEROTONDO,LAZIO,Monterotondo,58065,058065,058,RM,exact_match
LAZIO,NETTUNO,LAZIO,Nettuno,58072,058072,058,RM,exact_match
LAZIO,ONANO,LAZIO,Onano,56040,056040,056,VT,exact_match
LAZIO,PALESTRINA,LAZIO,Palestrina,58074,058074,058,RM,exact_match
LAZIO,PALIANO,LAZIO,Paliano,60046,060046,060,FR,exact_match
LAZIO,PIGLIO,LAZIO,Piglio,60053,060053,060,FR,exact_match
LAZIO,POMEZIA,LAZIO,Pomezia,58079,058079,058,RM,exact_match
LAZIO,PONTECORVO,LAZIO,Pontecorvo,60056,060056,060,FR,exact_match
LAZIO,PONTINIA,LAZIO,Pontinia,59017,059017,059,LT,exact_match
LAZIO,PONZA,LAZIO,Ponza,59018,059018,059,LT,exact_match
LAZIO,RIANO,LAZIO,Riano,58081,058081,058,RM,exact_match
LAZIO,RIETI,LAZIO,Rieti,57059,057059,057,RI,exact_match
LAZIO,ROCCAGORGA,LAZIO,Roccagorga,59021,059021,059,LT,exact_match
LAZIO,ROMA,LAZIO,Roma,58091,058091,058,RM,exact_match
LAZIO,RONCIGLIONE,LAZIO,Ronciglione,56045,056045,056,VT,exact_match
LAZIO,SAN FELICE CIRCEO,LAZIO,San Felice Circeo,59025,059025,059,LT,exact_match
LAZIO,SAN VITTORE DEL LAZIO,LAZIO,San Vittore del Lazio,60070,060070,060,FR,exact_match
LAZIO,SANTA MARINELLA,LAZIO,Santa Marinella,58097,058097,058,RM,exact_match
LAZIO,SERMONETA,LAZIO,Sermoneta,59027,059027,059,LT,exact_match
LAZIO,SEZZE,LAZIO,Sezze,59028,059028,059,LT,exact_match
LAZIO,SONNINO,LAZIO,Sonnino,59029,059029,059,LT,exact_match
LAZIO,SPERLONGA,LAZIO,Sperlonga,59030,059030,059,LT,exact_match
LAZIO,SUBIACO,LAZIO,Subiaco,58103,058103,058,RM,exact_match
LAZIO,TIVOLI,LAZIO,Tivoli,58104,058104,058,RM,exact_match
LAZIO,TORRE CAJETANI,LAZIO,Torre Cajetani,60078,060078,060,FR,exact_match
LAZIO,TORRITA TIBERINA,LAZIO,Torrita Tiberina,58106,058106,058,RM,exact_match
LAZIO,VALMONTONE,LAZIO,Valmontone,58110,058110,058,RM,exact_match
LAZIO,VELLETRI,LAZIO,Velletri,58111,058111,058,RM,exact_match
LAZIO,VILLA SAN GIOVANNI IN TUSCIA,LAZIO,Villa San Giovanni in Tuscia,56046,056046,056,VT,exact_match
LAZIO,VITERBO,LAZIO,Viterbo,56059,056059,056,VT,exact_match
LAZIO,VITORCHIANO,LAZIO,Vitorchiano,56060,056060,056,VT,exact_match
LIGURIA,ALASSIO,LIGURIA,Alassio,9001,009001,009,SV,exact_match
LIGURIA,ALBENGA,LIGURIA,Albenga,9002,009002,009,SV,exact_match
LIGURIA,ALBISOLA SUPERIORE,LIGURIA,Albisola Superiore,9004,009004,009,SV,exact_match
LIGURIA,BORZONASCA,LIGURIA,Borzonasca,10005,010005,010,GE,exact_match
LIGURIA,CAIRO MONTENOTTE,LIGURIA,Cairo Montenotte,9015,009015,009,SV,exact_match
LIGURIA,CASARZA LIGURE,LIGURIA,Casarza Ligure,10011,010011,010,GE,exact_match
LIGURIA,CASELLA,LIGURIA,Casella,10012,010012,010,GE,exact_match
LIGURIA,CASTELBIANCO,LIGURIA,Castelbianco,9020,009020,009,SV,exact_match
LIGURIA,CENGIO,LIGURIA,Cengio,9023,009023,009,SV,exact_match
LIGURIA,CERIALE,LIGURIA,Ceriale,9024,009024,009,SV,exact_match
LIGURIA,DIANO MARINA,LIGURIA,Diano Marina,8027,008027,008,IM,exact_match
LIGURIA,FINALE LIGURE,LIGURIA,Finale Ligure,9029,009029,009,SV,exact_match
LIGURIA,GENOVA,LIGURIA,Genova,10025,010025,010,GE,exact_match
LIGURIA,IMPERIA,LIGURIA,Imperia,8031,008031,008,IM,exact_match
LIGURIA,LA SPEZIA,LIGURIA,La Spezia,11015,011015,011,SP,exact_match
LIGURIA,LOANO,LIGURIA,Loano,9034,009034,009,SV,exact_match
LIGURIA,MONTOGGIO,LIGURIA,Montoggio,10039,010039,010,GE,exact_match
LIGURIA,NE,LIGURIA,Ne,10040,010040,010,GE,exact_match
LIGURIA,ORTOVERO,LIGURIA,Ortovero,9045,009045,009,SV,exact_match
LIGURIA,RECCO,LIGURIA,Recco,10047,010047,010,GE,exact_match
LIGURIA,RICCO' DEL GOLFO DI SPEZIA,LIGURIA,Riccò del Golfo di Spezia,11023,011023,011,SP,manual_apostrofo
LIGURIA,RONCO SCRIVIA,LIGURIA,Ronco Scrivia,10049,010049,010,GE,exact_match
LIGURIA,SANREMO,LIGURIA,Sanremo,8055,008055,008,IM,exact_match
LIGURIA,SANTA MARGHERITA LIGURE,LIGURIA,Santa Margherita Ligure,10054,010054,010,GE,exact_match
LIGURIA,SAVONA,LIGURIA,Savona,9056,009056,009,SV,exact_match
LIGURIA,SESTRI LEVANTE,LIGURIA,Sestri Levante,10059,010059,010,GE,exact_match
LIGURIA,STELLA,LIGURIA,Stella,9058,009058,009,SV,exact_match
LIGURIA,URBE,LIGURIA,Urbe,9063,009063,009,SV,exact_match
LIGURIA,VENTIMIGLIA,LIGURIA,Ventimiglia,8065,008065,008,IM,exact_match
LIGURIA,ZIGNAGO,LIGURIA,Zignago,11032,011032,011,SP,exact_match
LIGURIA,ZOAGLI,LIGURIA,Zoagli,10067,010067,010,GE,exact_match
LOMBARDIA,AGRATE BRIANZA,LOMBARDIA,Agrate Brianza,108001,108001,108,MB,exact_match
LOMBARDIA,ALBAVILLA,LOMBARDIA,Albavilla,13003,013003,013,CO,exact_match
LOMBARDIA,ALBINO,LOMBARDIA,Albino,16004,016004,016,BG,exact_match
LOMBARDIA,ALMENNO SAN SALVATORE,LOMBARDIA,Almenno San Salvatore,16007,016007,016,BG,exact_match
LOMBARDIA,ALZATE BRIANZA,LOMBARDIA,Alzate Brianza,13007,013007,013,CO,exact_match
LOMBARDIA,AMBIVERE,LOMBARDIA,Ambivere,16009,016009,016,BG,exact_match
LOMBARDIA,ANGERA,LOMBARDIA,Angera,12003,012003,012,VA,exact_match
LOMBARDIA,APPIANO GENTILE,LOMBARDIA,Appiano Gentile,13010,013010,013,CO,exact_match
LOMBARDIA,BAGNATICA,LOMBARDIA,Bagnatica,16018,016018,016,BG,exact_match
LOMBARDIA,BERGAMO,LOMBARDIA,Bergamo,16024,016024,016,BG,exact_match
LOMBARDIA,BERNATE TICINO,LOMBARDIA,Bernate Ticino,15019,015019,015,MI,exact_match
LOMBARDIA,BERZO INFERIORE,LOMBARDIA,Berzo Inferiore,17017,017017,017,BS,exact_match
LOMBARDIA,BOLTIERE,LOMBARDIA,Boltiere,16029,016029,016,BG,exact_match
LOMBARDIA,BONATE SOPRA,LOMBARDIA,Bonate Sopra,16030,016030,016,BG,exact_match
LOMBARDIA,BONATE SOTTO,LOMBARDIA,Bonate Sotto,16031,016031,016,BG,exact_match
LOMBARDIA,BORGO MANTOVANO,LOMBARDIA,Borgo Mantovano,20072,020072,020,MN,exact_match
LOMBARDIA,BORGO VIRGILIO,LOMBARDIA,Borgo Virgilio,20071,020071,020,MN,exact_match
LOMBARDIA,BORGOSATOLLO,LOMBARDIA,Borgosatollo,17021,017021,017,BS,exact_match
LOMBARDIA,BOTTANUCO,LOMBARDIA,Bottanuco,16034,016034,016,BG,exact_match
LOMBARDIA,BOVEGNO,LOMBARDIA,Bovegno,17024,017024,017,BS,exact_match
LOMBARDIA,BOVISIO-MASCIAGO,LOMBARDIA,Bovisio-Masciago,108010,108010,108,MB,exact_match
LOMBARDIA,BRESCIA,LOMBARDIA,Brescia,17029,017029,017,BS,exact_match
LOMBARDIA,BRESSANA BOTTARONE,LOMBARDIA,Bressana Bottarone,18023,018023,018,PV,exact_match
LOMBARDIA,BRESSO,LOMBARDIA,Bresso,15032,015032,015,MI,exact_match
LOMBARDIA,BRIGNANO GERA D'ADDA,LOMBARDIA,Brignano Gera d'Adda,16040,016040,016,BG,exact_match
LOMBARDIA,BRUGHERIO,LOMBARDIA,Brugherio,108012,108012,108,MB,exact_match
LOMBARDIA,BUSTO ARSIZIO,LOMBARDIA,Busto Arsizio,12026,012026,012,VA,exact_match
LOMBARDIA,CALCINATE,LOMBARDIA,Calcinate,16043,016043,016,BG,exact_match
LOMBARDIA,CALCINATO,LOMBARDIA,Calcinato,17032,017032,017,BS,exact_match
LOMBARDIA,CALUSCO D'ADDA,LOMBARDIA,Calusco d'Adda,16046,016046,016,BG,exact_match
LOMBARDIA,CAMISANO,LOMBARDIA,Camisano,19010,019010,019,CR,exact_match
LOMBARDIA,CANNETO SULL'OGLIO,LOMBARDIA,Canneto sull'Oglio,20008,020008,020,MN,exact_match
LOMBARDIA,CANTU',LOMBARDIA,Cantù,13041,013041,013,CO,manual_apostrofo
LOMBARDIA,CARATE BRIANZA,LOMBARDIA,Carate Brianza,108015,108015,108,MB,exact_match
LOMBARDIA,CAROBBIO DEGLI ANGELI,LOMBARDIA,Carobbio degli Angeli,16055,016055,016,BG,exact_match
LOMBARDIA,CARPENEDOLO,LOMBARDIA,Carpenedolo,17039,017039,017,BS,exact_match
LOMBARDIA,CARUGATE,LOMBARDIA,Carugate,15051,015051,015,MI,exact_match
LOMBARDIA,CASALPUSTERLENGO,LOMBARDIA,Casalpusterlengo,98010,098010,098,LO,exact_match
LOMBARDIA,CASAZZA,LOMBARDIA,Casazza,16058,016058,016,BG,exact_match
LOMBARDIA,CASSANO D'ADDA,LOMBARDIA,Cassano d'Adda,15059,015059,015,MI,exact_match
LOMBARDIA,CASSANO MAGNAGO,LOMBARDIA,Cassano Magnago,12040,012040,012,VA,exact_match
LOMBARDIA,CASSINA DE' PECCHI,LOMBARDIA,Cassina de' Pecchi,15060,015060,015,MI,exact_match
LOMBARDIA,CASSINA VALSASSINA,LOMBARDIA,Cassina Valsassina,97018,097018,097,LC,exact_match
LOMBARDIA,CASTENEDOLO,LOMBARDIA,Castenedolo,17043,017043,017,BS,exact_match
LOMBARDIA,CASTIGLIONE DELLE STIVIERE,LOMBARDIA,Castiglione delle Stiviere,20017,020017,020,MN,exact_match
LOMBARDIA,CASTIGLIONE OLONA,LOMBARDIA,Castiglione Olona,12046,012046,012,VA,exact_match
LOMBARDIA,CASTIRAGA VIDARDO,LOMBARDIA,Castiraga Vidardo,98015,098015,098,LO,exact_match
LOMBARDIA,CAVARIA CON PREMEZZO,LOMBARDIA,Cavaria con Premezzo,12048,012048,012,VA,exact_match
LOMBARDIA,CERMENATE,LOMBARDIA,Cermenate,13064,013064,013,CO,exact_match
LOMBARDIA,CESANO MADERNO,LOMBARDIA,Cesano Maderno,108019,108019,108,MB,exact_match
LOMBARDIA,CESATE,LOMBARDIA,Cesate,15076,015076,015,MI,exact_match
LOMBARDIA,CHIAVENNA,LOMBARDIA,Chiavenna,14018,014018,014,SO,exact_match
LOMBARDIA,CHIGNOLO PO,LOMBARDIA,Chignolo Po,18048,018048,018,PV,exact_match
LOMBARDIA,CILAVEGNA,LOMBARDIA,Cilavegna,18050,018050,018,PV,exact_match
LOMBARDIA,CINISELLO BALSAMO,LOMBARDIA,Cinisello Balsamo,15077,015077,015,MI,exact_match
LOMBARDIA,CISANO BERGAMASCO,LOMBARDIA,Cisano Bergamasco,16074,016074,016,BG,exact_match
LOMBARDIA,CISERANO,LOMBARDIA,Ciserano,16075,016075,016,BG,exact_match
LOMBARDIA,CIVIDATE CAMUNO,LOMBARDIA,Cividate Camuno,17055,017055,017,BS,exact_match
LOMBARDIA,COCCAGLIO,LOMBARDIA,Coccaglio,17056,017056,017,BS,exact_match
LOMBARDIA,COGLIATE,LOMBARDIA,Cogliate,108020,108020,108,MB,exact_match
LOMBARDIA,COLICO,LOMBARDIA,Colico,97023,097023,097,LC,exact_match
LOMBARDIA,COLLIO,LOMBARDIA,Collio,17058,017058,017,BS,exact_match
LOMBARDIA,COLOGNE,LOMBARDIA,Cologne,17059,017059,017,BS,exact_match
LOMBARDIA,COLOGNO AL SERIO,LOMBARDIA,Cologno al Serio,16079,016079,016,BG,exact_match
LOMBARDIA,COLOGNO MONZESE,LOMBARDIA,Cologno Monzese,15081,015081,015,MI,exact_match
LOMBARDIA,COLTURANO,LOMBARDIA,Colturano,15082,015082,015,MI,exact_match
LOMBARDIA,COMO,LOMBARDIA,Como,13075,013075,013,CO,exact_match
LOMBARDIA,CONCESIO,LOMBARDIA,Concesio,17061,017061,017,BS,exact_match
LOMBARDIA,CONCOREZZO,LOMBARDIA,Concorezzo,108021,108021,108,MB,exact_match
LOMBARDIA,CREMA,LOMBARDIA,Crema,19035,019035,019,CR,exact_match
LOMBARDIA,CREMONA,LOMBARDIA,Cremona,19036,019036,019,CR,exact_match
LOMBARDIA,CUGGIONO,LOMBARDIA,Cuggiono,15096,015096,015,MI,exact_match
LOMBARDIA,CUSANO MILANINO,LOMBARDIA,Cusano Milanino,15098,015098,015,MI,exact_match
LOMBARDIA,DELLO,LOMBARDIA,Dello,17066,017066,017,BS,exact_match
LOMBARDIA,DESENZANO DEL GARDA,LOMBARDIA,Desenzano del Garda,17067,017067,017,BS,exact_match
LOMBARDIA,DESIO,LOMBARDIA,Desio,108023,108023,108,MB,exact_match
LOMBARDIA,ERBA,LOMBARDIA,Erba,13095,013095,013,CO,exact_match
LOMBARDIA,EUPILIO,LOMBARDIA,Eupilio,13097,013097,013,CO,exact_match
LOMBARDIA,FERNO,LOMBARDIA,Ferno,12068,012068,012,VA,exact_match
LOMBARDIA,FIGINO SERENZA,LOMBARDIA,Figino Serenza,13101,013101,013,CO,exact_match
LOMBARDIA,FILAGO,LOMBARDIA,Filago,16098,016098,016,BG,exact_match
LOMBARDIA,FINO MORNASCO,LOMBARDIA,Fino Mornasco,13102,013102,013,CO,exact_match
LOMBARDIA,GALLARATE,LOMBARDIA,Gallarate,12070,012070,012,VA,exact_match
LOMBARDIA,GAMBOLO',LOMBARDIA,Gambolò,18068,018068,018,PV,manual_apostrofo
LOMBARDIA,GARBAGNATE MILANESE,LOMBARDIA,Garbagnate Milanese,15105,015105,015,MI,exact_match
LOMBARDIA,GAVARDO,LOMBARDIA,Gavardo,17077,017077,017,BS,exact_match
LOMBARDIA,GHISALBA,LOMBARDIA,Ghisalba,16113,016113,016,BG,exact_match
LOMBARDIA,GIUSSANO,LOMBARDIA,Giussano,108024,108024,108,MB,exact_match
LOMBARDIA,GORGONZOLA,LOMBARDIA,Gorgonzola,15108,015108,015,MI,exact_match
LOMBARDIA,GRAVEDONA ED UNITI,LOMBARDIA,Gravedona ed Uniti,13249,013249,013,CO,exact_match
LOMBARDIA,GROSOTTO,LOMBARDIA,Grosotto,14034,014034,014,SO,exact_match
LOMBARDIA,GRUMELLO DEL MONTE,LOMBARDIA,Grumello del Monte,16120,016120,016,BG,exact_match
LOMBARDIA,GUIDIZZOLO,LOMBARDIA,Guidizzolo,20028,020028,020,MN,exact_match
LOMBARDIA,GUSSAGO,LOMBARDIA,Gussago,17081,017081,017,BS,exact_match
LOMBARDIA,ISEO,LOMBARDIA,Iseo,17085,017085,017,BS,exact_match
LOMBARDIA,LAINATE,LOMBARDIA,Lainate,15116,015116,015,MI,exact_match
LOMBARDIA,LECCO,LOMBARDIA,Lecco,97042,097042,097,LC,exact_match
LOMBARDIA,LEGNANO,LOMBARDIA,Legnano,15118,015118,015,MI,exact_match
LOMBARDIA,LENO,LOMBARDIA,Leno,17088,017088,017,BS,exact_match
LOMBARDIA,LISSONE,LOMBARDIA,Lissone,108028,108028,108,MB,exact_match
LOMBARDIA,LOCATE DI TRIULZI,LOMBARDIA,Locate di Triulzi,15125,015125,015,MI,exact_match
LOMBARDIA,LODI,LOMBARDIA,Lodi,98031,098031,098,LO,exact_match
LOMBARDIA,LODI VECCHIO,LOMBARDIA,Lodi Vecchio,98032,098032,098,LO,exact_match
LOMBARDIA,LONATE POZZOLO,LOMBARDIA,Lonate Pozzolo,12090,012090,012,VA,exact_match
LOMBARDIA,LONATO DEL GARDA,LOMBARDIA,Lonato del Garda,17092,017092,017,BS,exact_match
LOMBARDIA,LOVERE,LOMBARDIA,Lovere,16128,016128,016,BG,exact_match
LOMBARDIA,MADONE,LOMBARDIA,Madone,16131,016131,016,BG,exact_match
LOMBARDIA,MAGENTA,LOMBARDIA,Magenta,15130,015130,015,MI,exact_match
LOMBARDIA,MALEO,LOMBARDIA,Maleo,98035,098035,098,LO,exact_match
LOMBARDIA,MANERBIO,LOMBARDIA,Manerbio,17103,017103,017,BS,exact_match
LOMBARDIA,MANTOVA,LOMBARDIA,Mantova,20030,020030,020,MN,exact_match
LOMBARDIA,MAPELLO,LOMBARDIA,Mapello,16132,016132,016,BG,exact_match
LOMBARDIA,MARCALLO CON CASONE,LOMBARDIA,Marcallo con Casone,15134,015134,015,MI,exact_match
LOMBARDIA,MARTINENGO,LOMBARDIA,Martinengo,16133,016133,016,BG,exact_match
LOMBARDIA,MERLINO,LOMBARDIA,Merlino,98039,098039,098,LO,exact_match
LOMBARDIA,MILANO,LOMBARDIA,Milano,15146,015146,015,MI,exact_match
LOMBARDIA,MONTE MARENZO,LOMBARDIA,Monte Marenzo,97052,097052,097,LC,exact_match
LOMBARDIA,MONTICHIARI,LOMBARDIA,Montichiari,17113,017113,017,BS,exact_match
LOMBARDIA,MONZA,LOMBARDIA,Monza,108033,108033,108,MB,exact_match
LOMBARDIA,MORBEGNO,LOMBARDIA,Morbegno,14045,014045,014,SO,exact_match
LOMBARDIA,MOZZANICA,LOMBARDIA,Mozzanica,16142,016142,016,BG,exact_match
LOMBARDIA,MOZZATE,LOMBARDIA,Mozzate,13159,013159,013,CO,exact_match
LOMBARDIA,MUGGIO',LOMBARDIA,Muggiò,108034,108034,108,MB,manual_apostrofo
LOMBARDIA,NAVE,LOMBARDIA,Nave,17117,017117,017,BS,exact_match
LOMBARDIA,NEMBRO,LOMBARDIA,Nembro,16144,016144,016,BG,exact_match
LOMBARDIA,NOVATE MILANESE,LOMBARDIA,Novate Milanese,15157,015157,015,MI,exact_match
LOMBARDIA,NUVOLERA,LOMBARDIA,Nuvolera,17120,017120,017,BS,exact_match
LOMBARDIA,ODOLO,LOMBARDIA,Odolo,17121,017121,017,BS,exact_match
LOMBARDIA,OGGIONO,LOMBARDIA,Oggiono,97057,097057,097,LC,exact_match
LOMBARDIA,OLGINATE,LOMBARDIA,Olginate,97059,097059,097,LC,exact_match
LOMBARDIA,OPERA,LOMBARDIA,Opera,15159,015159,015,MI,exact_match
LOMBARDIA,ORIO LITTA,LOMBARDIA,Orio Litta,98042,098042,098,LO,exact_match
LOMBARDIA,OSPITALETTO BRESCIANO,LOMBARDIA,Ospitaletto,17127,017127,017,BS,manual_nome_semplificato
LOMBARDIA,OSSONA,LOMBARDIA,Ossona,15164,015164,015,MI,exact_match
LOMBARDIA,PADERNO FRANCIACORTA,LOMBARDIA,Paderno Franciacorta,17130,017130,017,BS,exact_match
LOMBARDIA,PALAZZAGO,LOMBARDIA,Palazzago,16156,016156,016,BG,exact_match
LOMBARDIA,PALOSCO,LOMBARDIA,Palosco,16157,016157,016,BG,exact_match
LOMBARDIA,PANDINO,LOMBARDIA,Pandino,19067,019067,019,CR,exact_match
LOMBARDIA,PASSIRANO,LOMBARDIA,Passirano,17136,017136,017,BS,exact_match
LOMBARDIA,PASTURO,LOMBARDIA,Pasturo,97065,097065,097,LC,exact_match
LOMBARDIA,PAULLO,LOMBARDIA,Paullo,15169,015169,015,MI,exact_match
LOMBARDIA,PAVIA,LOMBARDIA,Pavia,18110,018110,018,PV,exact_match
LOMBARDIA,PEGOGNAGA,LOMBARDIA,Pegognaga,20039,020039,020,MN,exact_match
LOMBARDIA,PERO,LOMBARDIA,Pero,15170,015170,015,MI,exact_match
LOMBARDIA,PIEVE EMANUELE,LOMBARDIA,Pieve Emanuele,15173,015173,015,MI,exact_match
LOMBARDIA,POGLIANO MILANESE,LOMBARDIA,Pogliano Milanese,15176,015176,015,MI,exact_match
LOMBARDIA,PONTE SAN PIETRO,LOMBARDIA,Ponte San Pietro,16170,016170,016,BG,exact_match
LOMBARDIA,PONTEVICO,LOMBARDIA,Pontevico,17149,017149,017,BS,exact_match
LOMBARDIA,PONTI SUL MINCIO,LOMBARDIA,Ponti sul Mincio,20044,020044,020,MN,exact_match
LOMBARDIA,PONTOGLIO,LOMBARDIA,Pontoglio,17150,017150,017,BS,exact_match
LOMBARDIA,PORTO MANTOVANO,LOMBARDIA,Porto Mantovano,20045,020045,020,MN,exact_match
LOMBARDIA,PREVALLE,LOMBARDIA,Prevalle,17155,017155,017,BS,exact_match
LOMBARDIA,PROVAGLIO D'ISEO,LOMBARDIA,Provaglio d'Iseo,17156,017156,017,BS,exact_match
LOMBARDIA,PUEGNAGO SUL GARDA,LOMBARDIA,Puegnago del Garda,17158,017158,017,BS,manual_preposizione
LOMBARDIA,RENATE,LOMBARDIA,Renate,108037,108037,108,MB,exact_match
LOMBARDIA,RETORBIDO,LOMBARDIA,Retorbido,18121,018121,018,PV,exact_match
LOMBARDIA,REZZATO,LOMBARDIA,Rezzato,17161,017161,017,BS,exact_match
LOMBARDIA,RHO,LOMBARDIA,Rho,15182,015182,015,MI,exact_match
LOMBARDIA,RIVANAZZANO TERME,LOMBARDIA,Rivanazzano Terme,18122,018122,018,PV,exact_match
LOMBARDIA,RIVOLTA D'ADDA,LOMBARDIA,Rivolta d'Adda,19084,019084,019,CR,exact_match
LOMBARDIA,ROBBIO,LOMBARDIA,Robbio,18123,018123,018,PV,exact_match
LOMBARDIA,ROGENO,LOMBARDIA,Rogeno,97072,097072,097,LC,exact_match
LOMBARDIA,ROMANO DI LOMBARDIA,LOMBARDIA,Romano di Lombardia,16183,016183,016,BG,exact_match
LOMBARDIA,ROVATO,LOMBARDIA,Rovato,17166,017166,017,BS,exact_match
LOMBARDIA,ROVERBELLA,LOMBARDIA,Roverbella,20053,020053,020,MN,exact_match
LOMBARDIA,SALO',LOMBARDIA,Salò,17170,017170,017,BS,manual_apostrofo
LOMBARDIA,SAN BENEDETTO PO,LOMBARDIA,San Benedetto Po,20055,020055,020,MN,exact_match
LOMBARDIA,SAN GIORGIO BIGARELLO,LOMBARDIA,San Giorgio Bigarello,20057,020057,020,MN,exact_match
LOMBARDIA,SAN GIOVANNI BIANCO,LOMBARDIA,San Giovanni Bianco,16188,016188,016,BG,exact_match
LOMBARDIA,SAN GIULIANO MILANESE,LOMBARDIA,San Giuliano Milanese,15195,015195,015,MI,exact_match
LOMBARDIA,SAN PAOLO D'ARGON,LOMBARDIA,San Paolo d'Argon,16189,016189,016,BG,exact_match
LOMBARDIA,SAN PELLEGRINO TERME,LOMBARDIA,San Pellegrino Terme,16190,016190,016,BG,exact_match
LOMBARDIA,SAN VITTORE OLONA,LOMBARDIA,San Vittore Olona,15201,015201,015,MI,exact_match
LOMBARDIA,SANTA MARIA DELLA VERSA,LOMBARDIA,Santa Maria della Versa,18143,018143,018,PV,exact_match
LOMBARDIA,SANTO STEFANO TICINO,LOMBARDIA,Santo Stefano Ticino,15200,015200,015,MI,exact_match
LOMBARDIA,SAREZZO,LOMBARDIA,Sarezzo,17174,017174,017,BS,exact_match
LOMBARDIA,SEDRIANO,LOMBARDIA,Sedriano,15204,015204,015,MI,exact_match
LOMBARDIA,SEGRATE,LOMBARDIA,Segrate,15205,015205,015,MI,exact_match
LOMBARDIA,SENAGO,LOMBARDIA,Senago,15206,015206,015,MI,exact_match
LOMBARDIA,SESTO ED UNITI,LOMBARDIA,Sesto ed Uniti,19095,019095,019,CR,exact_match
LOMBARDIA,SESTO SAN GIOVANNI,LOMBARDIA,Sesto San Giovanni,15209,015209,015,MI,exact_match
LOMBARDIA,SEVESO,LOMBARDIA,Seveso,108040,108040,108,MB,exact_match
LOMBARDIA,SIRMIONE,LOMBARDIA,Sirmione,17179,017179,017,BS,exact_match
LOMBARDIA,SOLARO,LOMBARDIA,Solaro,15213,015213,015,MI,exact_match
LOMBARDIA,SONDRIO,LOMBARDIA,Sondrio,14061,014061,014,SO,exact_match
LOMBARDIA,SOVERE,LOMBARDIA,Sovere,16204,016204,016,BG,exact_match
LOMBARDIA,SPIRANO,LOMBARDIA,Spirano,16206,016206,016,BG,exact_match
LOMBARDIA,SUSTINENTE,LOMBARDIA,Sustinente,20064,020064,020,MN,exact_match
LOMBARDIA,SUZZARA,LOMBARDIA,Suzzara,20065,020065,020,MN,exact_match
LOMBARDIA,TAVERNOLE SUL MELLA,LOMBARDIA,Tavernole sul Mella,17183,017183,017,BS,exact_match
LOMBARDIA,TIRANO,LOMBARDIA,Tirano,14066,014066,014,SO,exact_match
LOMBARDIA,TRAVAGLIATO,LOMBARDIA,Travagliato,17188,017188,017,BS,exact_match
LOMBARDIA,TRESCORE BALNEARIO,LOMBARDIA,Trescore Balneario,16218,016218,016,BG,exact_match
LOMBARDIA,TRESCORE CREMASCO,LOMBARDIA,Trescore Cremasco,19109,019109,019,CR,exact_match
LOMBARDIA,TREVIGLIO,LOMBARDIA,Treviglio,16219,016219,016,BG,exact_match
LOMBARDIA,TREVIOLO,LOMBARDIA,Treviolo,16220,016220,016,BG,exact_match
LOMBARDIA,TRUCCAZZANO,LOMBARDIA,Truccazzano,15224,015224,015,MI,exact_match
LOMBARDIA,VAL BREMBILLA,LOMBARDIA,Val Brembilla,16253,016253,016,BG,exact_match
LOMBARDIA,VALDISOTTO,LOMBARDIA,Valdisotto,14072,014072,014,SO,exact_match
LOMBARDIA,VAREDO,LOMBARDIA,Varedo,108045,108045,108,MB,exact_match
LOMBARDIA,VARESE,LOMBARDIA,Varese,12133,012133,012,VA,exact_match
LOMBARDIA,VEDANO AL LAMBRO,LOMBARDIA,Vedano al Lambro,108046,108046,108,MB,exact_match
LOMBARDIA,VERANO BRIANZA,LOMBARDIA,Verano Brianza,108048,108048,108,MB,exact_match
LOMBARDIA,VEROLANUOVA,LOMBARDIA,Verolanuova,17195,017195,017,BS,exact_match
LOMBARDIA,VEROLAVECCHIA,LOMBARDIA,Verolavecchia,17196,017196,017,BS,exact_match
LOMBARDIA,VERTOVA,LOMBARDIA,Vertova,16234,016234,016,BG,exact_match
LOMBARDIA,VESTONE,LOMBARDIA,Vestone,17197,017197,017,BS,exact_match
LOMBARDIA,VIGEVANO,LOMBARDIA,Vigevano,18177,018177,018,PV,exact_match
LOMBARDIA,VILLA CARCINA,LOMBARDIA,Villa Carcina,17199,017199,017,BS,exact_match
LOMBARDIA,VILLA D'ALME',LOMBARDIA,Villa d'Almè,16239,016239,016,BG,manual_apostrofo
LOMBARDIA,VILLA DI SERIO,LOMBARDIA,Villa di Serio,16240,016240,016,BG,exact_match
LOMBARDIA,VIMERCATE,LOMBARDIA,Vimercate,108050,108050,108,MB,exact_match
LOMBARDIA,VOGHERA,LOMBARDIA,Voghera,18182,018182,018,PV,exact_match
LOMBARDIA,VOLTA MANTOVANA,LOMBARDIA,Volta Mantovana,20070,020070,020,MN,exact_match
LOMBARDIA,ZANICA,LOMBARDIA,Zanica,16245,016245,016,BG,exact_match
LOMBARDIA,ZINASCO,LOMBARDIA,Zinasco,18190,018190,018,PV,exact_match
LOMBARDIA,ZOGNO,LOMBARDIA,Zogno,16246,016246,016,BG,exact_match
MARCHE,ANCONA,MARCHE,Ancona,42002,042002,042,AN,exact_match
MARCHE,ASCOLI PICENO,MARCHE,Ascoli Piceno,44007,044007,044,AP,exact_match
MARCHE,CASTELFIDARDO,MARCHE,Castelfidardo,42010,042010,042,AN,exact_match
MARCHE,CERRETO D'ESI,MARCHE,Cerreto d'Esi,42013,042013,042,AN,exact_match
MARCHE,CESSAPALOMBO,MARCHE,Cessapalombo,43011,043011,043,MC,exact_match
MARCHE,CIVITANOVA MARCHE,MARCHE,Civitanova Marche,43013,043013,043,MC,exact_match
MARCHE,CUPRA MARITTIMA,MARCHE,Cupra Marittima,44017,044017,044,AP,exact_match
MARCHE,FABRIANO,MARCHE,Fabriano,42017,042017,042,AN,exact_match
MARCHE,FALCONARA MARITTIMA,MARCHE,Falconara Marittima,42018,042018,042,AN,exact_match
MARCHE,FERMIGNANO,MARCHE,Fermignano,41014,041014,041,PU,exact_match
MARCHE,FOSSOMBRONE,MARCHE,Fossombrone,41015,041015,041,PU,exact_match
MARCHE,GROTTAMMARE,MARCHE,Grottammare,44023,044023,044,AP,exact_match
MARCHE,LUNANO,MARCHE,Lunano,41022,041022,041,PU,exact_match
MARCHE,MACERATA,MARCHE,Macerata,43023,043023,043,MC,exact_match
MARCHE,MAIOLATI SPONTINI,MARCHE,Maiolati Spontini,42023,042023,042,AN,exact_match
MARCHE,MATELICA,MARCHE,Matelica,43024,043024,043,MC,exact_match
MARCHE,MONDAVIO,MARCHE,Mondavio,41028,041028,041,PU,exact_match
MARCHE,MONTE GRIMANO TERME,MARCHE,Monte Grimano Terme,41035,041035,041,PU,exact_match
MARCHE,MONTE SAN GIUSTO,MARCHE,Monte San Giusto,43031,043031,043,MC,exact_match
MARCHE,OSIMO,MARCHE,Osimo,42034,042034,042,AN,exact_match
MARCHE,POLLENZA,MARCHE,Pollenza,43041,043041,043,MC,exact_match
MARCHE,POTENZA PICENA,MARCHE,Potenza Picena,43043,043043,043,MC,exact_match
MARCHE,RECANATI,MARCHE,Recanati,43044,043044,043,MC,exact_match
MARCHE,SAN BENEDETTO DEL TRONTO,MARCHE,San Benedetto del Tronto,44066,044066,044,AP,exact_match
MARCHE,SANT'ELPIDIO A MARE,MARCHE,Sant'Elpidio a Mare,109037,109037,109,FM,exact_match
MARCHE,SENIGALLIA,MARCHE,Senigallia,42045,042045,042,AN,exact_match
MARCHE,SIROLO,MARCHE,Sirolo,42048,042048,042,AN,exact_match
MARCHE,SPINETOLI,MARCHE,Spinetoli,44071,044071,044,AP,exact_match
MARCHE,TREIA,MARCHE,Treia,43054,043054,043,MC,exact_match
MARCHE,URBANIA,MARCHE,Urbania,41066,041066,041,PU,exact_match
MOLISE,AGNONE,MOLISE,Agnone,94002,094002,094,IS,exact_match
MOLISE,BOJANO,MOLISE,Bojano,70003,070003,070,CB,exact_match
MOLISE,CANTALUPO NEL SANNIO,MOLISE,Cantalupo nel Sannio,94005,094005,094,IS,exact_match
MOLISE,ISERNIA,MOLISE,Isernia,94023,094023,094,IS,exact_match
MOLISE,LARINO,MOLISE,Larino,70031,070031,070,CB,exact_match
MOLISE,SALCITO,MOLISE,Salcito,70062,070062,070,CB,exact_match
MOLISE,SAN GIULIANO DEL SANNIO,MOLISE,San Giuliano del Sannio,70067,070067,070,CB,exact_match
MOLISE,SESTO CAMPANO,MOLISE,Sesto Campano,94050,094050,094,IS,exact_match
MOLISE,TERMOLI,MOLISE,Termoli,70078,070078,070,CB,exact_match
PIEMONTE,ALBA,PIEMONTE,Alba,4003,004003,004,CN,exact_match
PIEMONTE,ALBANO VERCELLESE,PIEMONTE,Albano Vercellese,2003,002003,002,VC,exact_match
PIEMONTE,ALESSANDRIA,PIEMONTE,Alessandria,6003,006003,006,AL,exact_match
PIEMONTE,ALPIGNANO,PIEMONTE,Alpignano,1008,001008,001,TO,exact_match
PIEMONTE,ARONA,PIEMONTE,Arona,3008,003008,003,NO,exact_match
PIEMONTE,ASTI,PIEMONTE,Asti,5005,005005,005,AT,exact_match
PIEMONTE,BARDONECCHIA,PIEMONTE,Bardonecchia,1022,001022,001,TO,exact_match
PIEMONTE,BEINASCO,PIEMONTE,Beinasco,1024,001024,001,TO,exact_match
PIEMONTE,BENNA,PIEMONTE,Benna,96003,096003,096,BI,exact_match
PIEMONTE,BERGAMASCO,PIEMONTE,Bergamasco,6015,006015,006,AL,exact_match
PIEMONTE,BIANDRATE,PIEMONTE,Biandrate,3018,003018,003,NO,exact_match
PIEMONTE,BIELLA,PIEMONTE,Biella,96004,096004,096,BI,exact_match
PIEMONTE,BORGOFRANCO D'IVREA,PIEMONTE,Borgofranco d'Ivrea,1030,001030,001,TO,exact_match
PIEMONTE,BORGONE SUSA,PIEMONTE,Borgone Susa,1032,001032,001,TO,exact_match
PIEMONTE,BORGOSESIA,PIEMONTE,Borgosesia,2016,002016,002,VC,exact_match
PIEMONTE,BOSCO MARENGO,PIEMONTE,Bosco Marengo,6021,006021,006,AL,exact_match
PIEMONTE,BOVES,PIEMONTE,Boves,4028,004028,004,CN,exact_match
PIEMONTE,BRA,PIEMONTE,Bra,4029,004029,004,CN,exact_match
PIEMONTE,BRICHERASIO,PIEMONTE,Bricherasio,1035,001035,001,TO,exact_match
PIEMONTE,BRIGA NOVARESE,PIEMONTE,Briga Novarese,3026,003026,003,NO,exact_match
PIEMONTE,BRUINO,PIEMONTE,Bruino,1038,001038,001,TO,exact_match
PIEMONTE,BURONZO,PIEMONTE,Buronzo,2021,002021,002,VC,exact_match
PIEMONTE,CANALE,PIEMONTE,Canale,4037,004037,004,CN,exact_match
PIEMONTE,CANDELO,PIEMONTE,Candelo,96012,096012,096,BI,exact_match
PIEMONTE,CANELLI,PIEMONTE,Canelli,5017,005017,005,AT,exact_match
PIEMONTE,CARESANA,PIEMONTE,Caresana,2030,002030,002,VC,exact_match
PIEMONTE,CARIGNANO,PIEMONTE,Carignano,1058,001058,001,TO,exact_match
PIEMONTE,CARMAGNOLA,PIEMONTE,Carmagnola,1059,001059,001,TO,exact_match
PIEMONTE,CARPIGNANO SESIA,PIEMONTE,Carpignano Sesia,3036,003036,003,NO,exact_match
PIEMONTE,CASALNOCETO,PIEMONTE,Casalnoceto,6040,006040,006,AL,exact_match
PIEMONTE,CASTELNUOVO SCRIVIA,PIEMONTE,Castelnuovo Scrivia,6053,006053,006,AL,exact_match
PIEMONTE,CAVAGLIO D'AGOGNA,PIEMONTE,Cavaglio d'Agogna,3045,003045,003,NO,exact_match
PIEMONTE,CAVALLIRIO,PIEMONTE,Cavallirio,3047,003047,003,NO,exact_match
PIEMONTE,CENTALLO,PIEMONTE,Centallo,4061,004061,004,CN,exact_match
PIEMONTE,CERANO,PIEMONTE,Cerano,3049,003049,003,NO,exact_match
PIEMONTE,COLLEGNO,PIEMONTE,Collegno,1090,001090,001,TO,exact_match
PIEMONTE,COMIGNAGO,PIEMONTE,Comignago,3052,003052,003,NO,exact_match
PIEMONTE,COSSANO BELBO,PIEMONTE,Cossano Belbo,4074,004074,004,CN,exact_match
PIEMONTE,CUNEO,PIEMONTE,Cuneo,4078,004078,004,CN,exact_match
PIEMONTE,DOMODOSSOLA,PIEMONTE,Domodossola,103028,103028,103,VB,exact_match
PIEMONTE,FERRERE,PIEMONTE,Ferrere,5053,005053,005,AT,exact_match
PIEMONTE,FIANO,PIEMONTE,Fiano,1104,001104,001,TO,exact_match
PIEMONTE,GAGLIANICO,PIEMONTE,Gaglianico,96026,096026,096,BI,exact_match
PIEMONTE,GASSINO TORINESE,PIEMONTE,Gassino Torinese,1112,001112,001,TO,exact_match
PIEMONTE,GOZZANO,PIEMONTE,Gozzano,3076,003076,003,NO,exact_match
PIEMONTE,GRAVELLONA TOCE,PIEMONTE,Gravellona Toce,103035,103035,103,VB,exact_match
PIEMONTE,GRUGLIASCO,PIEMONTE,Grugliasco,1120,001120,001,TO,exact_match
PIEMONTE,IVREA,PIEMONTE,Ivrea,1125,001125,001,TO,exact_match
PIEMONTE,LANZO TORINESE,PIEMONTE,Lanzo Torinese,1128,001128,001,TO,exact_match
PIEMONTE,LENTA,PIEMONTE,Lenta,2068,002068,002,VC,exact_match
PIEMONTE,MANGO,PIEMONTE,Mango,4115,004115,004,CN,exact_match
PIEMONTE,MARENE,PIEMONTE,Marene,4117,004117,004,CN,exact_match
PIEMONTE,MEANA DI SUSA,PIEMONTE,Meana di Susa,1149,001149,001,TO,exact_match
PIEMONTE,MONCALIERI,PIEMONTE,Moncalieri,1156,001156,001,TO,exact_match
PIEMONTE,MONGRANDO,PIEMONTE,Mongrando,96035,096035,096,BI,exact_match
PIEMONTE,MONTECRESTESE,PIEMONTE,Montecrestese,103046,103046,103,VB,exact_match
PIEMONTE,MONTEROSSO GRANA,PIEMONTE,Monterosso Grana,4139,004139,004,CN,exact_match
PIEMONTE,MORANO SUL PO,PIEMONTE,Morano sul Po,6109,006109,006,AL,exact_match
PIEMONTE,MORETTA,PIEMONTE,Moretta,4143,004143,004,CN,exact_match
PIEMONTE,NICHELINO,PIEMONTE,Nichelino,1164,001164,001,TO,exact_match
PIEMONTE,NOVARA,PIEMONTE,Novara,3106,003106,003,NO,exact_match
PIEMONTE,NOVI LIGURE,PIEMONTE,Novi Ligure,6114,006114,006,AL,exact_match
PIEMONTE,OCCHIEPPO INFERIORE,PIEMONTE,Occhieppo Inferiore,96040,096040,096,BI,exact_match
PIEMONTE,ORBASSANO,PIEMONTE,Orbassano,1171,001171,001,TO,exact_match
PIEMONTE,OVIGLIO,PIEMONTE,Oviglio,6122,006122,006,AL,exact_match
PIEMONTE,PALAZZO CANAVESE,PIEMONTE,Palazzo Canavese,1177,001177,001,TO,exact_match
PIEMONTE,PERTUSIO,PIEMONTE,Pertusio,1187,001187,001,TO,exact_match
PIEMONTE,PIOSSASCO,PIEMONTE,Piossasco,1194,001194,001,TO,exact_match
PIEMONTE,POMARETTO,PIEMONTE,Pomaretto,1198,001198,001,TO,exact_match
PIEMONTE,PRIOCCA,PIEMONTE,Priocca,4176,004176,004,CN,exact_match
PIEMONTE,RIVA PRESSO CHIERI,PIEMONTE,Riva presso Chieri,1215,001215,001,TO,exact_match
PIEMONTE,RIVALTA DI TORINO,PIEMONTE,Rivalta di Torino,1214,001214,001,TO,exact_match
PIEMONTE,RIVOLI,PIEMONTE,Rivoli,1219,001219,001,TO,exact_match
PIEMONTE,ROLETTO,PIEMONTE,Roletto,1222,001222,001,TO,exact_match
PIEMONTE,SALE,PIEMONTE,Sale,6151,006151,006,AL,exact_match
PIEMONTE,SAN GERMANO VERCELLESE,PIEMONTE,San Germano Vercellese,2131,002131,002,VC,exact_match
PIEMONTE,SAN MAURO TORINESE,PIEMONTE,San Mauro Torinese,1249,001249,001,TO,exact_match
PIEMONTE,SAN MICHELE MONDOVI',PIEMONTE,San Michele Mondovì,4210,004210,004,CN,manual_apostrofo
PIEMONTE,SAN NAZZARO SESIA,PIEMONTE,San Nazzaro Sesia,3134,003134,003,NO,exact_match
PIEMONTE,SANTENA,PIEMONTE,Santena,1257,001257,001,TO,exact_match
PIEMONTE,SAVIGLIANO,PIEMONTE,Savigliano,4215,004215,004,CN,exact_match
PIEMONTE,SERRAVALLE SCRIVIA,PIEMONTE,Serravalle Scrivia,6160,006160,006,AL,exact_match
PIEMONTE,SERRAVALLE SESIA,PIEMONTE,Serravalle Sesia,2137,002137,002,VC,exact_match
PIEMONTE,SOLERO,PIEMONTE,Solero,6163,006163,006,AL,exact_match
PIEMONTE,STRESA,PIEMONTE,Stresa,103064,103064,103,VB,exact_match
PIEMONTE,STROPPIANA,PIEMONTE,Stroppiana,2142,002142,002,VC,exact_match
PIEMONTE,TIGLIOLE,PIEMONTE,Tigliole,5108,005108,005,AT,exact_match
PIEMONTE,TORINO,PIEMONTE,Torino,1272,001272,001,TO,exact_match
PIEMONTE,TORTONA,PIEMONTE,Tortona,6174,006174,006,AL,exact_match
PIEMONTE,TROFARELLO,PIEMONTE,Trofarello,1280,001280,001,TO,exact_match
PIEMONTE,VALDUGGIA,PIEMONTE,Valduggia,2152,002152,002,VC,exact_match
PIEMONTE,VERBANIA,PIEMONTE,Verbania,103072,103072,103,VB,exact_match
PIEMONTE,VERCELLI,PIEMONTE,Vercelli,2158,002158,002,VC,exact_match
PIEMONTE,VEZZA D'ALBA,PIEMONTE,Vezza d'Alba,4241,004241,004,CN,exact_match
PIEMONTE,VICOLUNGO,PIEMONTE,Vicolungo,3159,003159,003,NO,exact_match
PIEMONTE,VIGLIANO BIELLESE,PIEMONTE,Vigliano Biellese,96077,096077,096,BI,exact_match
PIEMONTE,VILLANOVA MONFERRATO,PIEMONTE,Villanova Monferrato,6185,006185,006,AL,exact_match
PIEMONTE,VIU',PIEMONTE,Viù,1313,001313,001,TO,manual_apostrofo
PUGLIA,ADELFIA,PUGLIA,Adelfia,72002,072002,072,BA,exact_match
PUGLIA,ALBEROBELLO,PUGLIA,Alberobello,72003,072003,072,BA,exact_match
PUGLIA,ANDRIA,PUGLIA,Andria,110001,110001,110,BT,exact_match
PUGLIA,BARI,PUGLIA,Bari,72006,072006,072,BA,exact_match
PUGLIA,BARLETTA,PUGLIA,Barletta,110002,110002,110,BT,exact_match
PUGLIA,BRINDISI,PUGLIA,Brindisi,74001,074001,074,BR,exact_match
PUGLIA,CAMPI SALENTINA,PUGLIA,Campi Salentina,75011,075011,075,LE,exact_match
PUGLIA,CANOSA DI PUGLIA,PUGLIA,Canosa di Puglia,110004,110004,110,BT,exact_match
PUGLIA,CAPURSO,PUGLIA,Capurso,72014,072014,072,BA,exact_match
PUGLIA,CARLANTINO,PUGLIA,Carlantino,71011,071011,071,FG,exact_match
PUGLIA,CAROVIGNO,PUGLIA,Carovigno,74002,074002,074,BR,exact_match
PUGLIA,CASARANO,PUGLIA,Casarano,75016,075016,075,LE,exact_match
PUGLIA,CASTRI DI LECCE,PUGLIA,Castri di Lecce,75017,075017,075,LE,exact_match
PUGLIA,CAVALLINO,PUGLIA,Cavallino,75020,075020,075,LE,exact_match
PUGLIA,CEGLIE MESSAPICA,PUGLIA,Ceglie Messapica,74003,074003,074,BR,exact_match
PUGLIA,CONVERSANO,PUGLIA,Conversano,72019,072019,072,BA,exact_match
PUGLIA,COPERTINO,PUGLIA,Copertino,75022,075022,075,LE,exact_match
PUGLIA,CORATO,PUGLIA,Corato,72020,072020,072,BA,exact_match
PUGLIA,CRISPIANO,PUGLIA,Crispiano,73004,073004,073,TA,exact_match
PUGLIA,CUTROFIANO,PUGLIA,Cutrofiano,75026,075026,075,LE,exact_match
PUGLIA,ERCHIE,PUGLIA,Erchie,74006,074006,074,BR,exact_match
PUGLIA,FASANO,PUGLIA,Fasano,74007,074007,074,BR,exact_match
PUGLIA,FOGGIA,PUGLIA,Foggia,71024,071024,071,FG,exact_match
PUGLIA,GALATONE,PUGLIA,Galatone,75030,075030,075,LE,exact_match
PUGLIA,GINOSA,PUGLIA,Ginosa,73007,073007,073,TA,exact_match
PUGLIA,GRAVINA IN PUGLIA,PUGLIA,Gravina in Puglia,72023,072023,072,BA,exact_match
PUGLIA,GROTTAGLIE,PUGLIA,Grottaglie,73008,073008,073,TA,exact_match
PUGLIA,LATERZA,PUGLIA,Laterza,73009,073009,073,TA,exact_match
PUGLIA,LECCE,PUGLIA,Lecce,75035,075035,075,LE,exact_match
PUGLIA,MANDURIA,PUGLIA,Manduria,73012,073012,073,TA,exact_match
PUGLIA,MANFREDONIA,PUGLIA,Manfredonia,71029,071029,071,FG,exact_match
PUGLIA,MARTINA FRANCA,PUGLIA,Martina Franca,73013,073013,073,TA,exact_match
PUGLIA,MASSAFRA,PUGLIA,Massafra,73015,073015,073,TA,exact_match
PUGLIA,MESAGNE,PUGLIA,Mesagne,74010,074010,074,BR,exact_match
PUGLIA,MODUGNO,PUGLIA,Modugno,72027,072027,072,BA,exact_match
PUGLIA,MOLA DI BARI,PUGLIA,Mola di Bari,72028,072028,072,BA,exact_match
PUGLIA,MONOPOLI,PUGLIA,Monopoli,72030,072030,072,BA,exact_match
PUGLIA,MONTEPARANO,PUGLIA,Monteparano,73018,073018,073,TA,exact_match
PUGLIA,NOICATTARO,PUGLIA,Noicattaro,72032,072032,072,BA,exact_match
PUGLIA,PRESICCE-ACQUARICA,PUGLIA,Presicce-Acquarica,75098,075098,075,LE,exact_match
PUGLIA,RACALE,PUGLIA,Racale,75063,075063,075,LE,exact_match
PUGLIA,SAN VITO DEI NORMANNI,PUGLIA,San Vito dei Normanni,74017,074017,074,BR,exact_match
PUGLIA,STATTE,PUGLIA,Statte,73029,073029,073,TA,exact_match
PUGLIA,TARANTO,PUGLIA,Taranto,73027,073027,073,TA,exact_match
PUGLIA,TORITTO,PUGLIA,Toritto,72044,072044,072,BA,exact_match
PUGLIA,TORRE SANTA SUSANNA,PUGLIA,Torre Santa Susanna,74019,074019,074,BR,exact_match
PUGLIA,TRANI,PUGLIA,Trani,110009,110009,110,BT,exact_match
PUGLIA,TRICASE,PUGLIA,Tricase,75088,075088,075,LE,exact_match
PUGLIA,TRINITAPOLI,PUGLIA,Trinitapoli,110010,110010,110,BT,exact_match
PUGLIA,VICO DEL GARGANO,PUGLIA,Vico del Gargano,71059,071059,071,FG,exact_match
SARDEGNA,ARBUS,SARDEGNA,Arbus,117001,117001,117,VS,exact_match
SARDEGNA,ASSEMINI,SARDEGNA,Assemini,118002,118002,118,CA,exact_match
SARDEGNA,BARI SARDO,SARDEGNA,Bari Sardo,116002,116002,116,OG,exact_match
SARDEGNA,CAGLIARI,SARDEGNA,Cagliari,118006,118006,118,CA,exact_match
SARDEGNA,CARBONIA,SARDEGNA,Carbonia,119003,119003,119,CI,exact_match
SARDEGNA,CODRONGIANOS,SARDEGNA,Codrongianos,112019,112019,112,SS,exact_match
SARDEGNA,DORGALI,SARDEGNA,Dorgali,114011,114011,114,NU,exact_match
SARDEGNA,ELINI,SARDEGNA,Elini,116005,116005,116,OG,exact_match
SARDEGNA,IGLESIAS,SARDEGNA,Iglesias,119009,119009,119,CI,exact_match
SARDEGNA,ISILI,SARDEGNA,Isili,118024,118024,118,CA,exact_match
SARDEGNA,ITTIREDDU,SARDEGNA,Ittireddu,112026,112026,112,SS,exact_match
SARDEGNA,LACONI,SARDEGNA,Laconi,115028,115028,115,OR,exact_match
SARDEGNA,MARACALAGONIS,SARDEGNA,Maracalagonis,118026,118026,118,CA,exact_match
SARDEGNA,MEANA SARDO,SARDEGNA,Meana Sardo,114025,114025,114,NU,exact_match
SARDEGNA,NUGHEDU DI SAN NICOLO',SARDEGNA,Nughedu San Nicolò,112034,112034,112,SS,manual_apostrofo
SARDEGNA,OLBIA,SARDEGNA,Olbia,113017,113017,113,OT,exact_match
SARDEGNA,ONIFERI,SARDEGNA,Oniferi,114033,114033,114,NU,exact_match
SARDEGNA,OSSI,SARDEGNA,Ossi,112039,112039,112,SS,exact_match
SARDEGNA,OVODDA,SARDEGNA,Ovodda,114042,114042,114,NU,exact_match
SARDEGNA,POMPU,SARDEGNA,Pompu,115049,115049,115,OR,exact_match
SARDEGNA,POSADA,SARDEGNA,Posada,114043,114043,114,NU,exact_match
SARDEGNA,QUARTU SANT'ELENA,SARDEGNA,Quartu Sant'Elena,118038,118038,118,CA,exact_match
SARDEGNA,SAGAMA,SARDEGNA,Sagama,115052,115052,115,OR,exact_match
SARDEGNA,SAN GIOVANNI SUERGIU,SARDEGNA,San Giovanni Suergiu,119017,119017,119,CI,exact_match
SARDEGNA,SANLURI,SARDEGNA,Sanluri,117015,117015,117,VS,exact_match
SARDEGNA,SANTADI,SARDEGNA,Santadi,119018,119018,119,CI,exact_match
SARDEGNA,SEDILO,SARDEGNA,Sedilo,115059,115059,115,OR,exact_match
SARDEGNA,USINI,SARDEGNA,Usini,112063,112063,112,SS,exact_match
SARDEGNA,VILLANOVAFRANCA,SARDEGNA,Villanovafranca,117028,117028,117,VS,exact_match
SICILIA,ACI BONACCORSI,SICILIA,Aci Bonaccorsi,87001,087001,087,CT,exact_match
SICILIA,ACI CATENA,SICILIA,Aci Catena,87003,087003,087,CT,exact_match
SICILIA,ACIREALE,SICILIA,Acireale,87004,087004,087,CT,exact_match
SICILIA,ACQUEDOLCI,SICILIA,Acquedolci,83107,083107,083,ME,exact_match
SICILIA,ADRANO,SICILIA,Adrano,87006,087006,087,CT,exact_match
SICILIA,AGRIGENTO,SICILIA,Agrigento,84001,084001,084,AG,exact_match
SICILIA,AIDONE,SICILIA,Aidone,86002,086002,086,EN,exact_match
SICILIA,ALCAMO,SICILIA,Alcamo,81001,081001,081,TP,exact_match
SICILIA,ALESSANDRIA DELLA ROCCA,SICILIA,Alessandria della Rocca,84002,084002,084,AG,exact_match
SICILIA,AUGUSTA,SICILIA,Augusta,89001,089001,089,SR,exact_match
SICILIA,AVOLA,SICILIA,Avola,89002,089002,089,SR,exact_match
SICILIA,BAGHERIA,SICILIA,Bagheria,82006,082006,082,PA,exact_match
SICILIA,BARRAFRANCA,SICILIA,Barrafranca,86004,086004,086,EN,exact_match
SICILIA,BELPASSO,SICILIA,Belpasso,87007,087007,087,CT,exact_match
SICILIA,BIANCAVILLA,SICILIA,Biancavilla,87008,087008,087,CT,exact_match
SICILIA,BRONTE,SICILIA,Bronte,87009,087009,087,CT,exact_match
SICILIA,BURGIO,SICILIA,Burgio,84005,084005,084,AG,exact_match
SICILIA,CALATABIANO,SICILIA,Calatabiano,87010,087010,087,CT,exact_match
SICILIA,CALTABELLOTTA,SICILIA,Caltabellotta,84007,084007,084,AG,exact_match
SICILIA,CALTAGIRONE,SICILIA,Caltagirone,87011,087011,087,CT,exact_match
SICILIA,CALTANISSETTA,SICILIA,Caltanissetta,85004,085004,085,CL,exact_match
SICILIA,CALTAVUTURO,SICILIA,Caltavuturo,82015,082015,082,PA,exact_match
SICILIA,CANICATTI',SICILIA,Canicattì,84011,084011,084,AG,manual_apostrofo
SICILIA,CAPACI,SICILIA,Capaci,82020,082020,082,PA,exact_match
SICILIA,CAPO D'ORLANDO,SICILIA,Capo d'Orlando,83009,083009,083,ME,exact_match
SICILIA,CAPRI LEONE,SICILIA,Capri Leone,83010,083010,083,ME,exact_match
SICILIA,CARINI,SICILIA,Carini,82021,082021,082,PA,exact_match
SICILIA,CASTELL'UMBERTO,SICILIA,Castell'Umberto,83014,083014,083,ME,exact_match
SICILIA,CASTELLAMMARE DEL GOLFO,SICILIA,Castellammare del Golfo,81005,081005,081,TP,exact_match
SICILIA,CASTRONOVO DI SICILIA,SICILIA,Castronovo di Sicilia,82025,082025,082,PA,exact_match
SICILIA,CATANIA,SICILIA,Catania,87015,087015,087,CT,exact_match
SICILIA,CENTURIPE,SICILIA,Centuripe,86007,086007,086,EN,exact_match
SICILIA,CERDA,SICILIA,Cerda,82028,082028,082,PA,exact_match
SICILIA,CHIARAMONTE GULFI,SICILIA,Chiaramonte Gulfi,88002,088002,088,RG,exact_match
SICILIA,CINISI,SICILIA,Cinisi,82031,082031,082,PA,exact_match
SICILIA,COMISO,SICILIA,Comiso,88003,088003,088,RG,exact_match
SICILIA,CORLEONE,SICILIA,Corleone,82034,082034,082,PA,exact_match
SICILIA,CUSTONACI,SICILIA,Custonaci,81007,081007,081,TP,exact_match
SICILIA,ENNA,SICILIA,Enna,86009,086009,086,EN,exact_match
SICILIA,FALCONE,SICILIA,Falcone,83019,083019,083,ME,exact_match
SICILIA,FAVARA,SICILIA,Favara,84017,084017,084,AG,exact_match
SICILIA,FAVIGNANA,SICILIA,Favignana,81009,081009,081,TP,exact_match
SICILIA,FERLA,SICILIA,Ferla,89008,089008,089,SR,exact_match
SICILIA,FICARRA,SICILIA,Ficarra,83020,083020,083,ME,exact_match
SICILIA,FLORIDIA,SICILIA,Floridia,89009,089009,089,SR,exact_match
SICILIA,GAGLIANO CASTELFERRATO,SICILIA,Gagliano Castelferrato,86010,086010,086,EN,exact_match
SICILIA,GELA,SICILIA,Gela,85007,085007,085,CL,exact_match
SICILIA,GIARRATANA,SICILIA,Giarratana,88004,088004,088,RG,exact_match
SICILIA,GIOIOSA MAREA,SICILIA,Gioiosa Marea,83033,083033,083,ME,exact_match
SICILIA,GRAVINA DI CATANIA,SICILIA,Gravina di Catania,87019,087019,087,CT,exact_match
SICILIA,GROTTE,SICILIA,Grotte,84018,084018,084,AG,exact_match
SICILIA,ISOLA DELLE FEMMINE,SICILIA,Isola delle Femmine,82043,082043,082,PA,exact_match
SICILIA,LENTINI,SICILIA,Lentini,89011,089011,089,SR,exact_match
SICILIA,MARSALA,SICILIA,Marsala,81011,081011,081,TP,exact_match
SICILIA,MASCALUCIA,SICILIA,Mascalucia,87024,087024,087,CT,exact_match
SICILIA,MAZARA DEL VALLO,SICILIA,Mazara del Vallo,81012,081012,081,TP,exact_match
SICILIA,MAZZARRONE,SICILIA,Mazzarrone,87056,087056,087,CT,exact_match
SICILIA,MELILLI,SICILIA,Melilli,89012,089012,089,SR,exact_match
SICILIA,MENFI,SICILIA,Menfi,84023,084023,084,AG,exact_match
SICILIA,MESSINA,SICILIA,Messina,83048,083048,083,ME,exact_match
SICILIA,MILAZZO,SICILIA,Milazzo,83049,083049,083,ME,exact_match
SICILIA,MONFORTE SAN GIORGIO,SICILIA,Monforte San Giorgio,83054,083054,083,ME,exact_match
SICILIA,MONTEROSSO ALMO,SICILIA,Monterosso Almo,88007,088007,088,RG,exact_match
SICILIA,MUSSOMELI,SICILIA,Mussomeli,85012,085012,085,CL,exact_match
SICILIA,NICOSIA,SICILIA,Nicosia,86012,086012,086,EN,exact_match
SICILIA,NISCEMI,SICILIA,Niscemi,85013,085013,085,CL,exact_match
SICILIA,NOTO,SICILIA,Noto,89013,089013,089,SR,exact_match
SICILIA,OLIVERI,SICILIA,Oliveri,83063,083063,083,ME,exact_match
SICILIA,PACECO,SICILIA,Paceco,81013,081013,081,TP,exact_match
SICILIA,PACHINO,SICILIA,Pachino,89014,089014,089,SR,exact_match
SICILIA,PALAGONIA,SICILIA,Palagonia,87032,087032,087,CT,exact_match
SICILIA,PALAZZOLO ACREIDE,SICILIA,Palazzolo Acreide,89015,089015,089,SR,exact_match
SICILIA,PALERMO,SICILIA,Palermo,82053,082053,082,PA,exact_match
SICILIA,PANTELLERIA,SICILIA,Pantelleria,81014,081014,081,TP,exact_match
SICILIA,PARTINICO,SICILIA,Partinico,82054,082054,082,PA,exact_match
SICILIA,PORTO EMPEDOCLE,SICILIA,Porto Empedocle,84028,084028,084,AG,exact_match
SICILIA,PRIOLO GARGALLO,SICILIA,Priolo Gargallo,89021,089021,089,SR,exact_match
SICILIA,RACALMUTO,SICILIA,Racalmuto,84029,084029,084,AG,exact_match
SICILIA,RADDUSA,SICILIA,Raddusa,87036,087036,087,CT,exact_match
SICILIA,RAGUSA,SICILIA,Ragusa,88009,088009,088,RG,exact_match
SICILIA,REITANO,SICILIA,Reitano,83070,083070,083,ME,exact_match
SICILIA,ROMETTA,SICILIA,Rometta,83076,083076,083,ME,exact_match
SICILIA,ROSOLINI,SICILIA,Rosolini,89016,089016,089,SR,exact_match
SICILIA,SALEMI,SICILIA,Salemi,81018,081018,081,TP,exact_match
SICILIA,SAN CATALDO,SICILIA,San Cataldo,85016,085016,085,CL,exact_match
SICILIA,SAN FILIPPO DEL MELA,SICILIA,San Filippo del Mela,83077,083077,083,ME,exact_match
SICILIA,SAN GIOVANNI LA PUNTA,SICILIA,San Giovanni la Punta,87041,087041,087,CT,exact_match
SICILIA,SAN PIER NICETO,SICILIA,San Pier Niceto,83080,083080,083,ME,exact_match
SICILIA,SAN VITO LO CAPO,SICILIA,San Vito Lo Capo,81020,081020,081,TP,exact_match
SICILIA,SANT'AGATA DI MILITELLO,SICILIA,Sant'Agata di Militello,83084,083084,083,ME,exact_match
SICILIA,SANTA ELISABETTA,SICILIA,Santa Elisabetta,84037,084037,084,AG,exact_match
SICILIA,SANTA FLAVIA,SICILIA,Santa Flavia,82067,082067,082,PA,exact_match
SICILIA,SANTA NINFA,SICILIA,Santa Ninfa,81019,081019,081,TP,exact_match
SICILIA,SANTA VENERINA,SICILIA,Santa Venerina,87048,087048,087,CT,exact_match
SICILIA,SCIACCA,SICILIA,Sciacca,84041,084041,084,AG,exact_match
SICILIA,SICULIANA,SICILIA,Siculiana,84042,084042,084,AG,exact_match
SICILIA,SINAGRA,SICILIA,Sinagra,83095,083095,083,ME,exact_match
SICILIA,SIRACUSA,SICILIA,Siracusa,89017,089017,089,SR,exact_match
SICILIA,SPADAFORA,SICILIA,Spadafora,83096,083096,083,ME,exact_match
SICILIA,TERMINI IMERESE,SICILIA,Termini Imerese,82070,082070,082,PA,exact_match
SICILIA,TORREGROTTA,SICILIA,Torregrotta,83098,083098,083,ME,exact_match
SICILIA,TORRETTA,SICILIA,Torretta,82072,082072,082,PA,exact_match
SICILIA,TORTORICI,SICILIA,Tortorici,83099,083099,083,ME,exact_match
SICILIA,TRAPANI,SICILIA,Trapani,81021,081021,081,TP,exact_match
SICILIA,VALDINA,SICILIA,Valdina,83103,083103,083,ME,exact_match
SICILIA,VITTORIA,SICILIA,Vittoria,88012,088012,088,RG,exact_match
SICILIA,VIZZINI,SICILIA,Vizzini,87054,087054,087,CT,exact_match
SICILIA,ZAFFERANA ETNEA,SICILIA,Zafferana Etnea,87055,087055,087,CT,exact_match
TOSCANA,ABBADIA SAN SALVATORE,TOSCANA,Abbadia San Salvatore,52001,052001,052,SI,exact_match
TOSCANA,AGLIANA,TOSCANA,Agliana,47002,047002,047,PT,exact_match
TOSCANA,ARCIDOSSO,TOSCANA,Arcidosso,53001,053001,053,GR,exact_match
TOSCANA,AREZZO,TOSCANA,Arezzo,51002,051002,051,AR,exact_match
TOSCANA,AULLA,TOSCANA,Aulla,45001,045001,045,MS,exact_match
TOSCANA,BARBERINO TAVARNELLE,TOSCANA,Barberino Tavarnelle,48054,048054,048,FI,exact_match
TOSCANA,BARGA,TOSCANA,Barga,46003,046003,046,LU,exact_match
TOSCANA,BUGGIANO,TOSCANA,Buggiano,47003,047003,047,PT,exact_match
TOSCANA,BUONCONVENTO,TOSCANA,Buonconvento,52003,052003,052,SI,exact_match
TOSCANA,BUTI,TOSCANA,Buti,50002,050002,050,PI,exact_match
TOSCANA,CAMAIORE,TOSCANA,Camaiore,46005,046005,046,LU,exact_match
TOSCANA,CAMPI BISENZIO,TOSCANA,Campi Bisenzio,48006,048006,048,FI,exact_match
TOSCANA,CAMPORGIANO,TOSCANA,Camporgiano,46006,046006,046,LU,exact_match
TOSCANA,CANTAGALLO,TOSCANA,Cantagallo,100001,100001,100,PO,exact_match
TOSCANA,CAREGGINE,TOSCANA,Careggine,46008,046008,046,LU,exact_match
TOSCANA,CARRARA,TOSCANA,Carrara,45003,045003,045,MS,exact_match
TOSCANA,CASTELFIORENTINO,TOSCANA,Castelfiorentino,48010,048010,048,FI,exact_match
TOSCANA,CASTELFRANCO PIANDISCO',TOSCANA,Castelfranco Piandiscò,51040,051040,051,AR,manual_apostrofo
TOSCANA,CASTIGLION FIORENTINO,TOSCANA,Castiglion Fiorentino,51012,051012,051,AR,exact_match
TOSCANA,CECINA,TOSCANA,Cecina,49007,049007,049,LI,exact_match
TOSCANA,CERTALDO,TOSCANA,Certaldo,48012,048012,048,FI,exact_match
TOSCANA,CHIANCIANO TERME,TOSCANA,Chianciano Terme,52009,052009,052,SI,exact_match
TOSCANA,CHIESINA UZZANESE,TOSCANA,Chiesina Uzzanese,47022,047022,047,PT,exact_match
TOSCANA,COLLE DI VAL D'ELSA,TOSCANA,Colle di Val d'Elsa,52012,052012,052,SI,exact_match
TOSCANA,EMPOLI,TOSCANA,Empoli,48014,048014,048,FI,exact_match
TOSCANA,FIRENZE,TOSCANA,Firenze,48017,048017,048,FI,exact_match
TOSCANA,FORTE DEI MARMI,TOSCANA,Forte dei Marmi,46013,046013,046,LU,exact_match
TOSCANA,FOSDINOVO,TOSCANA,Fosdinovo,45008,045008,045,MS,exact_match
TOSCANA,FUCECCHIO,TOSCANA,Fucecchio,48019,048019,048,FI,exact_match
TOSCANA,GROSSETO,TOSCANA,Grosseto,53011,053011,053,GR,exact_match
TOSCANA,LATERINA PERGINE VALDARNO,TOSCANA,Laterina Pergine Valdarno,51042,051042,051,AR,exact_match
TOSCANA,LICCIANA NARDI,TOSCANA,Licciana Nardi,45009,045009,045,MS,exact_match
TOSCANA,LIVORNO,TOSCANA,Livorno,49009,049009,049,LI,exact_match
TOSCANA,LONDA,TOSCANA,Londa,48025,048025,048,FI,exact_match
TOSCANA,LUCCA,TOSCANA,Lucca,46017,046017,046,LU,exact_match
TOSCANA,LUCIGNANO,TOSCANA,Lucignano,51021,051021,051,AR,exact_match
TOSCANA,MANCIANO,TOSCANA,Manciano,53014,053014,053,GR,exact_match
TOSCANA,MARCIANA,TOSCANA,Marciana,49010,049010,049,LI,exact_match
TOSCANA,MARLIANA,TOSCANA,Marliana,47007,047007,047,PT,exact_match
TOSCANA,MASSA,TOSCANA,Massa,45010,045010,045,MS,exact_match
TOSCANA,MONTECATINI-TERME,TOSCANA,Montecatini-Terme,47011,047011,047,PT,exact_match
TOSCANA,MONTELUPO FIORENTINO,TOSCANA,Montelupo Fiorentino,48028,048028,048,FI,exact_match
TOSCANA,MONTEPULCIANO,TOSCANA,Montepulciano,52015,052015,052,SI,exact_match
TOSCANA,MONTERONI D'ARBIA,TOSCANA,Monteroni d'Arbia,52017,052017,052,SI,exact_match
TOSCANA,MONTEVARCHI,TOSCANA,Montevarchi,51026,051026,051,AR,exact_match
TOSCANA,MONTIGNOSO,TOSCANA,Montignoso,45011,045011,045,MS,exact_match
TOSCANA,MULAZZO,TOSCANA,Mulazzo,45012,045012,045,MS,exact_match
TOSCANA,MURLO,TOSCANA,Murlo,52019,052019,052,SI,exact_match
TOSCANA,ORBETELLO,TOSCANA,Orbetello,53018,053018,053,GR,exact_match
TOSCANA,PALAIA,TOSCANA,Palaia,50024,050024,050,PI,exact_match
TOSCANA,PESCIA,TOSCANA,Pescia,47012,047012,047,PT,exact_match
TOSCANA,PIANCASTAGNAIO,TOSCANA,Piancastagnaio,52020,052020,052,SI,exact_match
TOSCANA,PIAZZA AL SERCHIO,TOSCANA,Piazza al Serchio,46023,046023,046,LU,exact_match
TOSCANA,PIEVE A NIEVOLE,TOSCANA,Pieve a Nievole,47013,047013,047,PT,exact_match
TOSCANA,PIEVE SANTO STEFANO,TOSCANA,Pieve Santo Stefano,51030,051030,051,AR,exact_match
TOSCANA,PIOMBINO,TOSCANA,Piombino,49012,049012,049,LI,exact_match
TOSCANA,PISA,TOSCANA,Pisa,50026,050026,050,PI,exact_match
TOSCANA,PISTOIA,TOSCANA,Pistoia,47014,047014,047,PT,exact_match
TOSCANA,POGGIBONSI,TOSCANA,Poggibonsi,52022,052022,052,SI,exact_match
TOSCANA,POMARANCE,TOSCANA,Pomarance,50027,050027,050,PI,exact_match
TOSCANA,PONTASSIEVE,TOSCANA,Pontassieve,48033,048033,048,FI,exact_match
TOSCANA,PONTE BUGGIANESE,TOSCANA,Ponte Buggianese,47016,047016,047,PT,exact_match
TOSCANA,PONTEDERA,TOSCANA,Pontedera,50029,050029,050,PI,exact_match
TOSCANA,PONTREMOLI,TOSCANA,Pontremoli,45014,045014,045,MS,exact_match
TOSCANA,PORTO AZZURRO,TOSCANA,Porto Azzurro,49013,049013,049,LI,exact_match
TOSCANA,PORTOFERRAIO,TOSCANA,Portoferraio,49014,049014,049,LI,exact_match
TOSCANA,PRATO,TOSCANA,Prato,100005,100005,100,PO,exact_match
TOSCANA,RAPOLANO TERME,TOSCANA,Rapolano Terme,52026,052026,052,SI,exact_match
TOSCANA,ROCCASTRADA,TOSCANA,Roccastrada,53021,053021,053,GR,exact_match
TOSCANA,ROSIGNANO MARITTIMO,TOSCANA,Rosignano Marittimo,49017,049017,049,LI,exact_match
TOSCANA,SAMBUCA PISTOIESE,TOSCANA,Sambuca Pistoiese,47018,047018,047,PT,exact_match
TOSCANA,SAN CASCIANO IN VAL DI PESA,TOSCANA,San Casciano in Val di Pesa,48038,048038,048,FI,exact_match
TOSCANA,SAN GIULIANO TERME,TOSCANA,San Giuliano Terme,50031,050031,050,PI,exact_match
TOSCANA,SAN MARCELLO PITEGLIO,TOSCANA,San Marcello Piteglio,47024,047024,047,PT,exact_match
TOSCANA,SAN VINCENZO,TOSCANA,San Vincenzo,49018,049018,049,LI,exact_match
TOSCANA,SANSEPOLCRO,TOSCANA,Sansepolcro,51034,051034,051,AR,exact_match
TOSCANA,SANTA CROCE SULL'ARNO,TOSCANA,Santa Croce sull'Arno,50033,050033,050,PI,exact_match
TOSCANA,SANTA MARIA A MONTE,TOSCANA,Santa Maria a Monte,50035,050035,050,PI,exact_match
TOSCANA,SCANSANO,TOSCANA,Scansano,53023,053023,053,GR,exact_match
TOSCANA,SCARLINO,TOSCANA,Scarlino,53024,053024,053,GR,exact_match
TOSCANA,SIENA,TOSCANA,Siena,52032,052032,052,SI,exact_match
TOSCANA,VERNIO,TOSCANA,Vernio,100007,100007,100,PO,exact_match
TOSCANA,VIAREGGIO,TOSCANA,Viareggio,46033,046033,046,LU,exact_match
TOSCANA,VICOPISANO,TOSCANA,Vicopisano,50038,050038,050,PI,exact_match
TOSCANA,VILLA BASILICA,TOSCANA,Villa Basilica,46034,046034,046,LU,exact_match
TRENTINO ALTO ADIGE,APPIANO SULLA STRADA DEL VINO,TRENTINO ALTO ADIGE,Appiano sulla strada del vino/Eppan an der Weinstraße,21004,021004,021,BZ,manual_nome_bilingue
TRENTINO ALTO ADIGE,BOLZANO,TRENTINO ALTO ADIGE,Bolzano/Bozen,21008,021008,021,BZ,manual_nome_bilingue
TRENTINO ALTO ADIGE,BORGO VALSUGANA,TRENTINO ALTO ADIGE,Borgo Valsugana,22022,022022,022,TN,exact_match
TRENTINO ALTO ADIGE,BRENNERO,TRENTINO ALTO ADIGE,Brennero/Brenner,21010,021010,021,BZ,manual_nome_bilingue
TRENTINO ALTO ADIGE,CANAL SAN BOVO,TRENTINO ALTO ADIGE,Canal San Bovo,22038,022038,022,TN,exact_match
TRENTINO ALTO ADIGE,CASTEL IVANO,TRENTINO ALTO ADIGE,Castel Ivano,22240,022240,022,TN,exact_match
TRENTINO ALTO ADIGE,CASTELBELLO CIARDES,TRENTINO ALTO ADIGE,Castelbello-Ciardes/Kastelbell-Tschars,21018,021018,021,BZ,manual_nome_bilingue
TRENTINO ALTO ADIGE,DIMARO FOLGARIDA,TRENTINO ALTO ADIGE,Dimaro Folgarida,22233,022233,022,TN,exact_match
TRENTINO ALTO ADIGE,DOBBIACO,TRENTINO ALTO ADIGE,Dobbiaco/Toblach,21028,021028,021,BZ,manual_nome_bilingue
TRENTINO ALTO ADIGE,GRIGNO,TRENTINO ALTO ADIGE,Grigno,22095,022095,022,TN,exact_match
TRENTINO ALTO ADIGE,LAGUNDO,TRENTINO ALTO ADIGE,Lagundo/Algund,21038,021038,021,BZ,manual_nome_bilingue
TRENTINO ALTO ADIGE,LEVICO TERME,TRENTINO ALTO ADIGE,Levico Terme,22104,022104,022,TN,exact_match
TRENTINO ALTO ADIGE,MERANO,TRENTINO ALTO ADIGE,Merano/Meran,21051,021051,021,BZ,manual_nome_bilingue
TRENTINO ALTO ADIGE,MOENA,TRENTINO ALTO ADIGE,Moena,22118,022118,022,TN,exact_match
TRENTINO ALTO ADIGE,MOSO IN PASSIRIA,TRENTINO ALTO ADIGE,Moso in Passiria/Moos in Passeier,21054,021054,021,BZ,manual_nome_bilingue
TRENTINO ALTO ADIGE,PERGINE VALSUGANA,TRENTINO ALTO ADIGE,Pergine Valsugana,22139,022139,022,TN,exact_match
TRENTINO ALTO ADIGE,PREDAZZO,TRENTINO ALTO ADIGE,Predazzo,22147,022147,022,TN,exact_match
TRENTINO ALTO ADIGE,RASUN ANTERSELVA,TRENTINO ALTO ADIGE,Rasun-Anterselva/Rasen-Antholz,21071,021071,021,BZ,manual_nome_bilingue
TRENTINO ALTO ADIGE,RIVA DEL GARDA,TRENTINO ALTO ADIGE,Riva del Garda,22153,022153,022,TN,exact_match
TRENTINO ALTO ADIGE,ROVERETO,TRENTINO ALTO ADIGE,Rovereto,22161,022161,022,TN,exact_match
TRENTINO ALTO ADIGE,SOVER,TRENTINO ALTO ADIGE,Sover,22177,022177,022,TN,exact_match
TRENTINO ALTO ADIGE,STORO,TRENTINO ALTO ADIGE,Storo,22183,022183,022,TN,exact_match
TRENTINO ALTO ADIGE,TRENTO,TRENTINO ALTO ADIGE,Trento,22205,022205,022,TN,exact_match
TRENTINO ALTO ADIGE,ULTIMO,TRENTINO ALTO ADIGE,Ultimo/Ulten,21104,021104,021,BZ,manual_nome_bilingue
TRENTINO ALTO ADIGE,VALLE AURINA,TRENTINO ALTO ADIGE,Valle Aurina/Ahrntal,21108,021108,021,BZ,manual_nome_bilingue
TRENTINO ALTO ADIGE,VILLABASSA,TRENTINO ALTO ADIGE,Villabassa/Niederdorf,21113,021113,021,BZ,manual_nome_bilingue
TRENTINO ALTO ADIGE,VOLANO,TRENTINO ALTO ADIGE,Volano,22224,022224,022,TN,exact_match
UMBRIA,ACQUASPARTA,UMBRIA,Acquasparta,55001,055001,055,TR,exact_match
UMBRIA,ALLERONA,UMBRIA,Allerona,55002,055002,055,TR,exact_match
UMBRIA,AMELIA,UMBRIA,Amelia,55004,055004,055,TR,exact_match
UMBRIA,BASTIA UMBRA,UMBRIA,Bastia Umbra,54002,054002,054,PG,exact_match
UMBRIA,BEVAGNA,UMBRIA,Bevagna,54004,054004,054,PG,exact_match
UMBRIA,CITTA' DELLA PIEVE,UMBRIA,Città della Pieve,54012,054012,054,PG,manual_apostrofo
UMBRIA,COLLAZZONE,UMBRIA,Collazzone,54014,054014,054,PG,exact_match
UMBRIA,CORCIANO,UMBRIA,Corciano,54015,054015,054,PG,exact_match
UMBRIA,DERUTA,UMBRIA,Deruta,54017,054017,054,PG,exact_match
UMBRIA,FABRO,UMBRIA,Fabro,55011,055011,055,TR,exact_match
UMBRIA,FOSSATO DI VICO,UMBRIA,Fossato di Vico,54019,054019,054,PG,exact_match
UMBRIA,FRATTA TODINA,UMBRIA,Fratta Todina,54020,054020,054,PG,exact_match
UMBRIA,GUALDO TADINO,UMBRIA,Gualdo Tadino,54023,054023,054,PG,exact_match
UMBRIA,GUBBIO,UMBRIA,Gubbio,54024,054024,054,PG,exact_match
UMBRIA,MAGIONE,UMBRIA,Magione,54026,054026,054,PG,exact_match
UMBRIA,NARNI,UMBRIA,Narni,55022,055022,055,TR,exact_match
UMBRIA,ORVIETO,UMBRIA,Orvieto,55023,055023,055,TR,exact_match
UMBRIA,PERUGIA,UMBRIA,Perugia,54039,054039,054,PG,exact_match
UMBRIA,SPOLETO,UMBRIA,Spoleto,54051,054051,054,PG,exact_match
UMBRIA,TERNI,UMBRIA,Terni,55032,055032,055,TR,exact_match
UMBRIA,TODI,UMBRIA,Todi,54052,054052,054,PG,exact_match
UMBRIA,TORGIANO,UMBRIA,Torgiano,54053,054053,054,PG,exact_match
UMBRIA,TREVI,UMBRIA,Trevi,54054,054054,054,PG,exact_match
VALLE D'AOSTA,AOSTA,VALLE D'AOSTA,Aosta,7003,007003,007,AO,exact_match
VALLE D'AOSTA,COGNE,VALLE D'AOSTA,Cogne,7021,007021,007,AO,exact_match
VALLE D'AOSTA,LA THUILE,VALLE D'AOSTA,La Thuile,7041,007041,007,AO,exact_match
VALLE D'AOSTA,PONT-SAINT-MARTIN,VALLE D'AOSTA,Pont-Saint-Martin,7052,007052,007,AO,exact_match
VALLE D'AOSTA,VERRES,VALLE D'AOSTA,Verrès,7073,007073,007,AO,manual_accento
VENETO,ADRIA,VENETO,Adria,29001,029001,029,RO,exact_match
VENETO,ALPAGO,VENETO,Alpago,25072,025072,025,BL,exact_match
VENETO,ALTAVILLA VICENTINA,VENETO,Altavilla Vicentina,24004,024004,024,VI,exact_match
VENETO,ALTISSIMO,VENETO,Altissimo,24005,024005,024,VI,exact_match
VENETO,ARCOLE,VENETO,Arcole,23004,023004,023,VR,exact_match
VENETO,ASIGLIANO VENETO,VENETO,Asigliano Veneto,24010,024010,024,VI,exact_match
VENETO,BAGNOLO DI PO,VENETO,Bagnolo di Po,29005,029005,029,RO,exact_match
VENETO,BATTAGLIA TERME,VENETO,Battaglia Terme,28011,028011,028,PD,exact_match
VENETO,BELLUNO,VENETO,Belluno,25006,025006,025,BL,exact_match
VENETO,BERGANTINO,VENETO,Bergantino,29006,029006,029,RO,exact_match
VENETO,BOLZANO VICENTINO,VENETO,Bolzano Vicentino,24013,024013,024,VI,exact_match
VENETO,BORGO VALBELLUNA,VENETO,Borgo Valbelluna,25074,025074,025,BL,exact_match
VENETO,BUSSOLENGO,VENETO,Bussolengo,23015,023015,023,VR,exact_match
VENETO,CADONEGHE,VENETO,Cadoneghe,28016,028016,028,PD,exact_match
VENETO,CAMISANO VICENTINO,VENETO,Camisano Vicentino,24021,024021,024,VI,exact_match
VENETO,CAMPO SAN MARTINO,VENETO,Campo San Martino,28020,028020,028,PD,exact_match
VENETO,CAMPONOGARA,VENETO,Camponogara,27004,027004,027,VE,exact_match
VENETO,CANARO,VENETO,Canaro,29009,029009,029,RO,exact_match
VENETO,CAPRINO VERONESE,VENETO,Caprino Veronese,23018,023018,023,VR,exact_match
VENETO,CARBONERA,VENETO,Carbonera,26008,026008,026,TV,exact_match
VENETO,CASALE DI SCODOSIA,VENETO,Casale di Scodosia,28027,028027,028,PD,exact_match
VENETO,CASIER,VENETO,Casier,26010,026010,026,TV,exact_match
VENETO,CASTELFRANCO VENETO,VENETO,Castelfranco Veneto,26012,026012,026,TV,exact_match
VENETO,CAVALLINO-TREPORTI,VENETO,Cavallino-Treporti,27044,027044,027,VE,exact_match
VENETO,CHIARANO,VENETO,Chiarano,26016,026016,026,TV,exact_match
VENETO,CHIOGGIA,VENETO,Chioggia,27008,027008,027,VE,exact_match
VENETO,CINTO CAOMAGGIORE,VENETO,Cinto Caomaggiore,27009,027009,027,VE,exact_match
VENETO,CINTO EUGANEO,VENETO,Cinto Euganeo,28031,028031,028,PD,exact_match
VENETO,COLCERESA,VENETO,Colceresa,24126,024126,024,VI,exact_match
VENETO,CONCAMARISE,VENETO,Concamarise,23029,023029,023,VR,exact_match
VENETO,CONEGLIANO,VENETO,Conegliano,26021,026021,026,TV,exact_match
VENETO,CORDIGNANO,VENETO,Cordignano,26022,026022,026,TV,exact_match
VENETO,CORTINA D'AMPEZZO,VENETO,Cortina d'Ampezzo,25016,025016,025,BL,exact_match
VENETO,COSTABISSARA,VENETO,Costabissara,24035,024035,024,VI,exact_match
VENETO,CREAZZO,VENETO,Creazzo,24036,024036,024,VI,exact_match
VENETO,DOLO,VENETO,Dolo,27012,027012,027,VE,exact_match
VENETO,DUE CARRARE,VENETO,Due Carrare,28106,028106,028,PD,exact_match
VENETO,ERBE',VENETO,Erbè,23032,023032,023,VR,manual_apostrofo
VENETO,FELTRE,VENETO,Feltre,25021,025021,025,BL,exact_match
VENETO,FONZASO,VENETO,Fonzaso,25022,025022,025,BL,exact_match
VENETO,FOSSO',VENETO,Fossò,27017,027017,027,VE,manual_apostrofo
VENETO,FRASSINELLE POLESINE,VENETO,Frassinelle Polesine,29023,029023,029,RO,exact_match
VENETO,FRATTA POLESINE,VENETO,Fratta Polesine,29024,029024,029,RO,exact_match
VENETO,GALLIERA VENETA,VENETO,Galliera Veneta,28039,028039,028,PD,exact_match
VENETO,GAZZO,VENETO,Gazzo,28041,028041,028,PD,exact_match
VENETO,GAZZO VERONESE,VENETO,Gazzo Veronese,23037,023037,023,VR,exact_match
VENETO,GRUARO,VENETO,Gruaro,27018,027018,027,VE,exact_match
VENETO,JESOLO,VENETO,Jesolo,27019,027019,027,VE,exact_match
VENETO,LAMON,VENETO,Lamon,25026,025026,025,BL,exact_match
VENETO,LAZISE,VENETO,Lazise,23043,023043,023,VR,exact_match
VENETO,LEGNARO,VENETO,Legnaro,28044,028044,028,PD,exact_match
VENETO,LONGARE,VENETO,Longare,24051,024051,024,VI,exact_match
VENETO,LONGARONE,VENETO,Longarone,25071,025071,025,BL,exact_match
VENETO,LONIGO,VENETO,Lonigo,24052,024052,024,VI,exact_match
VENETO,LOZZO DI CADORE,VENETO,Lozzo di Cadore,25033,025033,025,BL,exact_match
VENETO,MALCESINE,VENETO,Malcesine,23045,023045,023,VR,exact_match
VENETO,MALO,VENETO,Malo,24055,024055,024,VI,exact_match
VENETO,MASERA' DI PADOVA,VENETO,Maserada sul Piave,26040,026040,026,TV,manual_nome_diverso
VENETO,MIRANO,VENETO,Mirano,27024,027024,027,VE,exact_match
VENETO,MONTECCHIO MAGGIORE,VENETO,Montecchio Maggiore,24061,024061,024,VI,exact_match
VENETO,MONTEFORTE D'ALPONE,VENETO,Monteforte d'Alpone,23050,023050,023,VR,exact_match
VENETO,MONTEGALDA,VENETO,Montegalda,24064,024064,024,VI,exact_match
VENETO,MONTORSO VICENTINO,VENETO,Montorso Vicentino,24068,024068,024,VI,exact_match
VENETO,NOALE,VENETO,Noale,27026,027026,027,VE,exact_match
VENETO,NOVENTA PADOVANA,VENETO,Noventa Padovana,28058,028058,028,PD,exact_match
VENETO,NOVENTA VICENTINA,VENETO,Noventa Vicentina,24074,024074,024,VI,exact_match
VENETO,OCCHIOBELLO,VENETO,Occhiobello,29033,029033,029,RO,exact_match
VENETO,PADOVA,VENETO,Padova,28060,028060,028,PD,exact_match
VENETO,PEDEROBBA,VENETO,Pederobba,26056,026056,026,TV,exact_match
VENETO,PESCANTINA,VENETO,Pescantina,23058,023058,023,VR,exact_match
VENETO,PIOVE DI SACCO,VENETO,Piove di Sacco,28065,028065,028,PD,exact_match
VENETO,PIOVENE ROCCHETTE,VENETO,Piovene Rocchette,24078,024078,024,VI,exact_match
VENETO,PONTE NELLE ALPI,VENETO,Ponte nelle Alpi,25040,025040,025,BL,exact_match
VENETO,PORTO VIRO,VENETO,Porto Viro,29052,029052,029,RO,exact_match
VENETO,POVE DEL GRAPPA,VENETO,Pove del Grappa,24081,024081,024,VI,exact_match
VENETO,PRAMAGGIORE,VENETO,Pramaggiore,27030,027030,027,VE,exact_match
VENETO,QUARTO D'ALTINO,VENETO,Quarto d'Altino,27031,027031,027,VE,exact_match
VENETO,QUINTO DI TREVISO,VENETO,Quinto di Treviso,26064,026064,026,TV,exact_match
VENETO,RECOARO TERME,VENETO,Recoaro Terme,24084,024084,024,VI,exact_match
VENETO,ROMANO D'EZZELINO,VENETO,Romano d'Ezzelino,24086,024086,024,VI,exact_match
VENETO,ROVERCHIARA,VENETO,Roverchiara,23065,023065,023,VR,exact_match
VENETO,ROVIGO,VENETO,Rovigo,29041,029041,029,RO,exact_match
VENETO,RUBANO,VENETO,Rubano,28072,028072,028,PD,exact_match
VENETO,SALGAREDA,VENETO,Salgareda,26070,026070,026,TV,exact_match
VENETO,SAN GIORGIO IN BOSCO,VENETO,San Giorgio in Bosco,28076,028076,028,PD,exact_match
VENETO,SAN GIOVANNI LUPATOTO,VENETO,San Giovanni Lupatoto,23071,023071,023,VR,exact_match
VENETO,SAN MICHELE AL TAGLIAMENTO,VENETO,San Michele al Tagliamento,27034,027034,027,VE,exact_match
VENETO,SANT'ELENA,VENETO,Sant'Elena,28083,028083,028,PD,exact_match
VENETO,SANTA GIUSTINA,VENETO,Santa Giustina,25048,025048,025,BL,exact_match
VENETO,SANTORSO,VENETO,Santorso,24095,024095,024,VI,exact_match
VENETO,SAONARA,VENETO,Saonara,28085,028085,028,PD,exact_match
VENETO,SCHIAVON,VENETO,Schiavon,24099,024099,024,VI,exact_match
VENETO,SCORZE',VENETO,Scorzè,27037,027037,027,VE,manual_apostrofo
VENETO,SEDICO,VENETO,Sedico,25053,025053,025,BL,exact_match
VENETO,SEREN DEL GRAPPA,VENETO,Seren del Grappa,25055,025055,025,BL,exact_match
VENETO,SOLAGNA,VENETO,Solagna,24101,024101,024,VI,exact_match
VENETO,SOSSANO,VENETO,Sossano,24102,024102,024,VI,exact_match
VENETO,SPINEA,VENETO,Spinea,27038,027038,027,VE,exact_match
VENETO,TEOLO,VENETO,Teolo,28089,028089,028,PD,exact_match
VENETO,THIENE,VENETO,Thiene,24105,024105,024,VI,exact_match
VENETO,TORRI DI QUARTESOLO,VENETO,Torri di Quartesolo,24108,024108,024,VI,exact_match
VENETO,TREBASELEGHE,VENETO,Trebaseleghe,28093,028093,028,PD,exact_match
VENETO,TREVISO,VENETO,Treviso,26086,026086,026,TV,exact_match
VENETO,VALBRENTA,VENETO,Valbrenta,24125,024125,024,VI,exact_match
VENETO,VALDOBBIADENE,VENETO,Valdobbiadene,26087,026087,026,TV,exact_match
VENETO,VEDELAGO,VENETO,Vedelago,26089,026089,026,TV,exact_match
VENETO,VELO D'ASTICO,VENETO,Velo d'Astico,24115,024115,024,VI,exact_match
VENETO,VENEZIA,VENETO,Venezia,27042,027042,027,VE,exact_match
VENETO,VERONA,VENETO,Verona,23091,023091,023,VR,exact_match
VENETO,VESTENANOVA,VENETO,Vestenanova,23093,023093,023,VR,exact_match
VENETO,VICENZA,VENETO,Vicenza,24116,024116,024,VI,exact_match
VENETO,VIGODARZERE,VENETO,Vigodarzere,28099,028099,028,PD,exact_match
VENETO,VIGONZA,VENETO,Vigonza,28100,028100,028,PD,exact_match
VENETO,VILLA ESTENSE,VENETO,Villa Estense,28102,028102,028,PD,exact_match
VENETO,VILLAFRANCA PADOVANA,VENETO,Villafranca Padovana,28103,028103,028,PD,exact_match
VENETO,VITTORIO VENETO,VENETO,Vittorio Veneto,26092,026092,026,TV,exact_match
VENETO,ZERO BRANCO,VENETO,Zero Branco,26095,026095,026,TV,exact_match
VENETO,ZEVIO,VENETO,Zevio,23097,023097,023,VR,exact_match
VENETO,ZIMELLA,VENETO,Zimella,23098,023098,023,VR,exact_match
