{"nome": "OSPITALETTO BRESCIANO", "nome_corretto": "OSPITALETTO"}
{"nome": "PUEGNAGO SUL GARDA", "nome_corretto": "PUEGNAGO DEL GARDA"}
{"nome": "REGGIO CALABRIA", "nome_corretto": "REGGIO DI CALABRIA"}
{"nome": "REGGIO EMILIA", "nome_corretto": "REGGIO NELL'EMILIA"}
{"nome": "NUGHEDU DI SAN NICOLO'", "nome_corretto": "NUGHEDU SAN NICOLÒ"}
{"nome": "IONADI", "nome_corretto": "JONADI"}
{"nome": "VERRES", "nome_corretto": "Verrès"}
{"nome": "CASTELBELLO CIARDES", "nome_corretto": "Castelbello-Ciardes"}
{"nome": "RASUN ANTERSELVA", "nome_corretto": "Rasun-Anterselva"}
{"nome": "MONTEBELLO IONICO", "nome_corretto": "Montebello Jonico"}
{"nome": "TERZO DI AQUILEIA", "nome_corretto": "Terzo d'Aquileia"}
{"nome":"LIGNANO-SABBIADORO","nome_corretto":"Lignano Sabbiadoro"}
